id,type,arg0,fgType,natsuno<jpn>,kiko<jpn>,shino<jpn>,akane<jpn>,minamo<jpn>,itsuka<jpn>,hinase<jpn>,meguru<jpn>
talk00,talk,-,-,{0},{0},{0},{0},{0},{0},{0},{0}
timeElapsed00,timeElapsed,-,-,......<br>............<br>........................,......<br>............<br>........................,......<br>............<br>........................,......<br>............<br>........................,......<br>............<br>........................,......<br>............<br>........................,......<br>............<br>........................,......<br>............<br>........................
ok00,ok,-,smile,Okay.,はい！,りょーかい！,おっけーい,ん。おっけ,......わかった,わかりました！,お、おっけーっす
ok01,ok,-,smile,Mm. Okay.,はい......,あいよ！,りょーかい,りょーかい,了解,ええ。わかった,お、おっけー......
ok02,ok,-,smile,Got it.,わかりました！,わかった！,んー。わかったー,わかった......,うん。わかった,はい,わかりました！
find_move00,find_move,-,default,I found {0}. I'll go check it out......,{0}があります......。そっち行きますね......,{0}を見つけたよ！　行ってみる！,{0}があるね。そっち行こーっと,{0}があるね。そっち行こうっと,{0}を見つけた。行ってみる,{0}を見つけました。行ってみましょう,{0}見っけた！　行ってみよー
find_move01,find_move,-,default,There's {0} over there. I'll go check it out......,{0}、見つけました......怖いけど、行ってみます......,{0}、見つけた。行ってみよ～,{0}、みーっけ。行ってみるー,{0}、見つけた。行ってみるよ,{0}がある......。そっち行ってみる,{0}がありますね。そっちに......,{0}があるっす......そっち行ってみる......
find_move02,find_move,-,default,{0}， huh. Let's go check it out.,{0}がありますね......。行ってみます......,{0}、だね、そっち行ってみる！,{0}、見つけた。何があるかなー,{0}、発見。なんかあるといいな......,{0}、だ。行ってみる,{0}、ですね。行ってみましょうか,{0}、っすね。行ってみます......
pre_move00,pre_move,-,default,I'll head toward {0}......,{0}の方、行ってみます......,{0}に向かうね！,{0}の方、行ってみるー,{0}の方、いくよ,{0}の方、行ってみる,{0}の方に行ってみます......,{0}の方、行ってみよ
pre_move01,pre_move,-,default,I'm heading toward {0}......,{0}に、向かいます......,{0}だね。行く！,{0}、かー。行ってみる,{0}......行こうか,{0}に向かうよ,{0}に向かいます......,{0}に向かうっす......
pre_move02,pre_move,-,default,Let's head toward {0}.,{0}、ですね......行きます......,{0}の方、行くよ,{0}の方、向かうよー,{0}、ね。よし、いく,{0}の方、行こう,{0}の方、行きましょう,{0}に行ってみよ
pre_moveFollowRequest00,pre_moveFollowRequest,-,default,Hey， let's go.,あの......行きましょう......？,ほら、いこ！,いくよー？,ね。いこうよ,ねぇ。行こうか,ねぇ。行きましょうよ？,あ、あの......行ってもいいっすか......？
pre_moveFollowRequest01,pre_moveFollowRequest,-,default,Come on， let's go?,......い、行きません？,ねー、行こうよー,ねー、いこー？,......行ってもいい？,ほら、早く行こう,ねぇ、ほら、行きません？,ほらほら、いこいこ！
pre_moveFollowRequest02,pre_moveFollowRequest,-,default,......Aren't we going?,い、行ってもいいですか......？,待ってるよー？,ほらほら、いこうよー,ねぇ.......。行かん？,......行こうか,......行きませんか？,......行かない......っすか？
moveFollow00,moveFollow,-,default,Okay. Let's go.,はい！　いま行きます......！,おっけーい。そっち行くね,あいあい。いこ,あいよ。いくいく,わかった。行く,はい！　行きましょう,おっけーい
moveFollow01,moveFollow,-,default,Got it...... I'm coming.,あ、はい！　いきます,お、いいね。いくよ,んー？　おっけーい,んー......。おっけ、いく,......行くよ,わかりました。行きますね,あ、はい！　行きます！
moveFollow02,moveFollow,-,default,Wait a sec......<br>Okay， let's go.,ちょっとだけ待ってください......<br>......よし、行きます！,ちょっと待ってね......<br>......よし、いく！,ちょい待ち......<br>うん、おっけ。いこ,ちょい待ってよ......<br>おけい。いくー,ちょっと待ってほしい......<br>よし。行こう,もう少しだけ......<br>......はい、もう大丈夫。行きます,あとちょっとだけ......はい！　行くっす！
move00,move,-,default,We are in <button>{0}</button>.,<button>{0}</button>に来ました......,<button>{0}</button>に来たよ。さて......,<button>{0}</button>みたいだねー,<button>{0}</button>かな,<button>{0}</button>に来た,<button>{0}</button>に来ました,<button>{0}</button>、きたー
move01,move,-,default,So this is <button>{0}</button>. I'll look around......,<button>{0}</button>ですね。何かあるかな......,<button>{0}</button>だね。何かあるかな～,<button>{0}</button>だよ。ふーむ？,<button>{0}</button>だね。さてはて......,<button>{0}</button>だ。あたりを調べてみる,<button>{0}</button>ですね。その辺りを調べてみます......,<button>{0}</button>っすね。あたりを調べよう......
move02,move,-,default,<button>{0}</button>， here we are. Well， I wonder if there's anything here......,<button>{0}</button>来ました。えーっと......,あい、<button>{0}</button>に来たよ。ふーむ......,<button>{0}</button>、来たよ。何かあるかなーっと,<button>{0}</button>、到着。なんかあるかねー,<button>{0}</button>に到着。何かあるといいけど......,<button>{0}</button>、到着です。さて、何かありますかね,<button>{0}</button>にやって来たよ！　さて、めぼしいものは......
move_locked00,move_locked,-,default,It's locked. I can't open it......,鍵がかかってて開かないです......,ありゃ、鍵かかってる......。残念,鍵がかかってるっぽい。開けられないねー、こりゃ,これ......鍵かかっとるね。これは......開けらんない,......鍵がかかってて開かない,あら......鍵がかかってるみたいですね。開きません......,か、鍵がかかってて開かないっす......
move_unlock00,move_unlock,-,default,I forced it open with {0}. Nice......,{0}で鍵をこじ開けました！,{0}で鍵を開けたよ！　よしよし,{0}で鍵を開けたよ。無理やりだけど、ま、しょーがないよね,{0}で、鍵、開けたよ。おけおけ,{0}で鍵をこじ開けた。よし......,{0}で鍵をこじ開けました！　よーし......,{0}で鍵をこじ開けた！　やればできる子！
move_failed00,move_failed,-,default,Huh...... I'm right here， aren't I......?,え......？　今、そこにいますよ......？,え？　今、そこだけど？,えー？　今、そこにいるよー？,.......え？　今、そこ、おるよ？,......？　今、そこにいるんだけど......,えーと......？　今、私、そこにいますよ？,え......い、今、そこ、いるっすけど......？
visitStage00,visitStage,-,default,I hope we find something......,何か残ってますかね......,何があーるっかなっと,何かあるかなー,なんかあるかねー,何か見つかるといいけど......,何か見つかるといいですね,何かないかなー
visitStage01,visitStage,-,default,Nobody's here...... right......?,誰もいない......ですよね......,何かないかなー,さてさてー？,はてはて......,何か残ってるかな......,誰かいませんかね......,ここには何があーるかな
visitStage02,visitStage,-,default,Well......,うーんと......何かあるかな......,さーて......,さーてっと,なーんかないかなーっと,さて......ここは......,さて......,さてさてさて......
selection00,selection,-,default,There's {0}...... What should we do?,{0}があります......。どれにします......？,{0}があるね。......どする？,{0}、見つけたー。どーする？,{0}......があるんだけど。どーしよ？,{0}がある......。どうする？,{0}があります......。どうします？,{0}がある......えー、どうしよ？
selected00,selected,-,default,Okay.,はい！,りょーかい！,おっけーい,おけーい,わかった,わかりました,わかりましたっす！
selectionSearch00,selectionSearch,-,default,There's {0}...... Which one should we check out?,{0}があります......。どれ調べてみます......？,{0}があるね。......どれ調べてみる？,{0}があるねー。どれ見てみよっかー？,{0}があるけど......どれ見てみるん？,{0}がある......。どれ見てみようか？,{0}があります......。どれ見てみましょう？,{0}があるっすけど......。どれ見てみます......？
selectionAction00,selectionAction,-,default,{0}...... What should we do?,{0}......。どうしましょう......？,{0}......。うーん、どする？,{0}......。んー。どーしよっか？,{0}......。うーむ。どする？,{0}......。どうする？,{0}......。どうします？,{0}......。どうしよ？
pre_itemGet00,pre_itemGet,-,default,I'll check out {0}......,{0}を見てみます......,{0}を見てみるよ......,{0}を調べてみるー......,{0}、調べてみる......,{0}を調べてみる,{0}を調べてみます......,{0}、見てみよー
pre_itemGet01,pre_itemGet,-,default,I'll take a look at {0}......,{0}、調べてみます......,{0}、調べてみるね,{0}、見てみるねー,{0]、見てみよ,{0}を見てみる,{0}、見てみます......,{0}、見てみるっす！
pre_itemGet02,pre_itemGet,-,default,{0}...... I wonder if there's anything here......,うーん......{0}......何か見つかるかな......,{0}かー......何かあるかな～,さて、{0}......何か出てくるといいなー,{0}......ね。なんかあるかな,{0}......何かあるといいけど,{0}......何かありますかね......,{0}......何かないかなー
itemGet00,itemGet,-,default,I found <button>{0}</button>. I'll take it.,<button>{0}</button>を見つけました！　ごめんなさい、いただきます......！,<button>{0}</button>を見つけたよ！　らっきー！,<button>{0}</button>、みっけー,<button>{0}</button>、みっけた,<button>{0}</button>を見つけた。もらっていく,<button>{0}</button>を見つけました。いただいていきます,<button>{0}</button>、見つけた。いただき！
itemGet01,itemGet,-,default,Found <button>{0}</button>.,<button>{0}</button>ですね......いただいていきます......,<button>{0}</button>、だね。もらってこーっと,<button>{0}</button>見つけた。もらっちゃお,<button>{0}</button>、見つけた。もらってこう,<button>{0}</button>、見つけた,<button>{0}</button>、です。もらってしまいますね,<button>{0}</button>、みーっけ！
itemGet02,itemGet,-,default,<button>{0}</button>...... I'll take it.,<button>{0}</button>、見つけました,<button>{0}</button>......大事に使いますんで！,<button>{0}</button>、見つけたよー,<button>{0}</button>、はっけん......,<button>{0}</button>......。もらってく,<button>{0}</button>......。いただきます,<button>{0}</button>、発見！　もらっちゃおー
itemCountMax00,itemCountMax,-,default,I found <button>{0}</button>， but...... I can't carry anything else......,すみません......<button>{0}</button>、見つけたんですけど......カバンがいっぱいで......,<button>{0}</button>見つけた！　でも手持ちがいっぱいだ！,<button>{0}</button>、見つけたけれど、手持ちがいっぱいだね,<button>{0}</button>、見つけたけど......これ以上は持てんなぁ,<button>{0}</button>を見つけたけど......これ以上持てそうにない,<button>{0}</button>を見つけました......でも、これ以上持てませんね......,<button>{0}</button>を見つけた......けど、これ以上持てない......
itemThrowConfirm00,itemThrowConfirm,-,default,Which one should we leave behind?,どれを置いていきましょうか......,どれ捨ててく？,うーむ、どれを置いてく？,どれ、置いてくん？,どれ捨てていく？,どれ捨てていきます？,仕方ない......どれ捨てていこうかな......
itemThrowFailed00,itemThrowFailed,-,default,Huh? Can you tell me the name of the thing you want to leave behind?,えと......どれを、置いていけばいいでしょうか......？,どれを捨ててくか、選んでくんない？,んー？　どれを置いていくか、選んでくんない？,え？　どれ置いてくか、選んでほしいんだけど？,......？　捨てていきたいやつの名前、答えてほしい,え？　捨てていきたいものの名前を、答えていただけますか？,え、えーと......捨てていきたいやつの名前、答えてほしいっす......
itemThrowCancel00,itemThrowCancel,-,default,Then I'll take {0}.,じゃあ、{0}はもらっていきますね......！,じゃ、{0}はあたしがもらっちゃお,じゃあ、{0}はもらっちゃうねー,じゃ、{0}はもらってく,じゃ、{0}もらっていく,じゃあ、{0}、もらっていきますね,じゃあ、{0}もらっていこーっと
itemThrow00,itemThrow,-,default,Okay. Then I'll leave {0} here.,はい！　{0}を置いていきます！,らじゃ！　{0}よ、さらば！,うん。そーしよ。{0}、置いてく,おけい。{0}は置いてくよ,わかった。じゃあ、{0}は置いていく,はい。それでは、{0}は置いていきます。残念ですけど,じゃ、{0}は置いてくっす
itemThrowMore00,itemThrowMore,-,default,My bag's still full...... What else should I leave behind?,まだ荷物いっぱいですね......他に、何置いていきます？,まだ荷物いっぱいだね......他に、何捨ててこっか？,まだ荷物いっぱいだねー。他に、何捨ててくー？,まだ荷物がたくさんだね。ほか、何置いてく？,まだ荷物がいっぱいだ......他に、何捨てていく？,まだ荷物いっぱいですね......他に、何捨てていきましょう？,まだ荷物いっぱいだ......他に、何捨ててくっすか？
itemUnuseable00,itemUnuseable,-,doubt,......Huh? Isn't that something we can still use?,え......？　今は使えません......,うん？　今使えなくない？,......？　それを今、どうしろってー？,うん？　それ今、どうにかしようある？,......？　今使えるものじゃないと思う,え......？　えーと......それは、今、使えるものですか......？,......え、今使えるものじゃない......かも
itemUnuseable_equip00,itemUnuseable_equip,-,doubt,Huh...... I'm already equipped with that， though?,あの......もう装備してます......,え、もう装備してるよ？,えー？　もう装備してるけどー？,？　もう装備しとるよ？,......？　もう装備してるよ,え......もう装備してますよね......？,え......も、もう装備してるっす......
itemUnuseable_food00,itemUnuseable_food,-,default,Looks like we could use it for cooking. I wonder what I should make when we get back.,料理に使えそうですね。......今、料理は、ちょっと......,料理に使えそうだね！　帰ったらやってみよ,料理に使えるかもねー。今晩は何にしよっかなー,料理に使えるかも......。今晩は何かなぁ,料理に使えそうだ。帰ったら何つくろうか,料理に使えそうです。今日は何にしましょうかね,料理に使えそう！　帰ったら何つくってくれるかなー
itemUnuseable_tool00,itemUnuseable_tool,-,doubt,Huh...... I'm already holding that， though?,あの......もう手に持ってます......,え、もう手に持ってるよ？,えー？　もう手に持ってるけどー？,うーん？　もう手に持ってるよ？,え......。もう手に持ってるけど,え？　もう手に持ってますよ？,えと......も、もう手に持ってるっす......
itemDrop00,itemDrop,-,default,Ah...... something came out......,わっ......なんか出てきました......,お！　なんか出てきた！,おー？　なんか出てきたねー,おおっと......なんか出てきた,ん......。なんか出てきた,あ......何か出てきました......,あ......なんか出てきた......
itemFind00,itemFind,-,default,Oh， here it is......,あ......こんなところに,お！　こんなとこに！,おー。こんなところにー？,おっと......こんなとこに,あ......こんなところに,あら......まぁ、こんなところに,あ、こんなとこに......？
itemFindByLetter00,itemFindByLetter,-,default,Ah......<br>Is this the thing from the note......?,あ......<br>これが、書き置きにあったやつ、ですかね......,あ！<br>これが、書き置きにあったやつ、っぽいね！,お......<br>これが、書き置きにあったやつ、だねー,お......<br>これが、書き置きにあったやつかな,お......<br>これが、書き置きにあったやつ、だろうね,あ......<br>これが、書き置きにあったやつ、ですかね？,おお......<br>これが、書き置きにあったやつでは......？
itemInteract00,itemInteract,-,default,I'll try using {0} on {1}......,{0}を{1}に使ってみますね......,{0}、{1}に使ってみるね！,{0}、{1}に使ってみるー,{0}、{1}に使ってみよ,{0}を、{1}に使ってみる,{0}、{1}に使ってみます......,{0}、{1}に使ってみるっす......
itemInteractConfirm00,itemInteractConfirm,-,default,{0}...... What should I use it on?,{0}......えと、どれに使いましょう？,{0}......どれに使うの？,{0}......どれに使うー？,{0}......どれに使うん？,{0}......どれに使う？,{0}......どれに使うんでしょう？,{0}......どれに使うの？　......っす
itemInteractFailed00,itemInteractFailed,-,default,Hmm......<br>Looks like it doesn't work on this.,うーんと......<br>これには使いえないみたいです......,ん－、だめっぽいね<br>これに使うものじゃないや,んー......<br>これに使うのは無理そうだよ,えー......<br>これに使うのはきびしくない？,......いや<br>これに使ってもだめみたいだ,えーと......<br>これに使っても、だめみたいです,え、ええと......<br>これに使ってもだめっぽいっす......
itemInteractCancel00,itemInteractCancel,-,doubt,Can't we use that...... on it?,え......それには使えないと思います......,え？　それには使えなくない？,えー？　それに使うのは無理じゃない？,んん......？<br>それには使えんのでは......？,それには......使えないと思う,それ......には、使えないかと......,それ......には、使えなくない......っすか......？
itemBroken00,itemBroken,-,sad,Ah...... {0} broke......,あっ......{0}、壊れちゃいました......,あ！　{0}、壊れちゃったよ......,あや、{0}、壊れちゃった......,あ、{0}、壊れちゃった,あ......{0}、壊れた......,あ......{0}、壊れてしまいました......<br>お別れですね......,あ......{0}、壊れた......。す、すみません！
itemDropEnemy00,itemDropEnemy,-,default,Ah...... {0} dropped something......,あ......{0}、何か落としました......,お？　{0}が何か落としたねー,お。{0}が何か落としたっぽい......,おー......{0}、何か落としとる......,あ......{0}が、何か落としてる,あ......{0}が何か落としたみたいです......,あ！　{0}が何か落としてる！
itemGetBonus00,itemGetBonus,-,default,Ah......<br>I found <button>{0}</button>.<br>I'll put it in the car.,あ......<br><button>{0}</button>、見つけました......<br>車に積んどきますね,お......<br><button>{0}</button>、見つけた！<br>車に積んどくねー！,お。<br><button>{0}</button>、みーっけ<br>車に積んどくねー,あー。<br><button>{0}</button>、見つけた<br>車に積んどけばいいよね,あ......<br><button>{0}</button>、見つけた<br>車に積んでおこう,あ......<br><button>{0}</button>、見つけました<br>車に乗せておきます,お......<br><button>{0}</button>、見つけた<br>車に積んどくっす
itemGetRecord00,itemGetRecord,-,default,We've traveled through {0} places.<br>Might as well mark them on the map.<br>......<br>......Okay.,{0}件、旅しました......<br>せっかくだし、地図に描いておきます<br>......<br>......よし,{0}件、旅したね！<br>せっかくだし、地図に描いとこー<br>......<br>......よーし！,{0}件、旅したねー<br>せっかくだし、地図に描いとこーっと<br>......<br>......よーし,{0}件、旅したよ<br>せっかくだし、地図に描いとこ<br>......<br>......よし,{0}件、旅したかな<br>せっかくだし、地図に描いておこう<br>......<br>......よし,{0}件、旅しましたね<br>せっかくだし、地図、描いておきましょう<br>......<br>......よし,{0}件、旅した！<br>せっかくだし、地図に描いとこーっと<br>......<br>......よーし
itemPushHouse00,itemPushHouse,-,default,I'll put away everything I'm carrying......,持ってる荷物、全部仕舞っときます......,持ってる荷物、全部仕舞っとくね！,持ってるもの、全部仕舞っとくねー,持っとるもの、全部仕舞っとくよ,持ってる荷物、全部仕舞っとく,持ってる荷物、全部仕舞っておきますね,持ってる荷物、全部仕舞っとくっす......
toolInteract00,toolInteract,-,default,I'll use <button>{0}</button> to check out <button>{1}</button>......,<button>{0}</button>使って、<button>{1}</button>調べてみます......,<button>{0}</button>使って、<button>{1}</button>調べてみよーっと！,<button>{0}</button>使って、<button>{1}</button>調べてみよー,<button>{0}</button>で<button>{1}</button>、調べてみるよ,<button>{0}</button>使って、<button>{1}</button>を調べてみる,<button>{0}</button>を使って、<button>{1}</button>調べてみますね......,<button>{0}</button>使って、<button>{1}</button>調べてみよーっと
locked00,locked,-,sad,Looks like it's locked...... I can't open it......<br>I wonder if there's a key lying around somewhere......,鍵かかってます......開けられません......<br>鍵、どこかに落ちてるといいんですけど......,ありゃ。鍵かかってるね。これは開かないや<br>鍵、どっかあるかなー,鍵がかかってるみたい。開けられそーにないね<br>鍵、この辺に落ちてるといーけど,あら、鍵かかっとるね。んー......開かん......<br>鍵、どっか落ちとるかな......,鍵かかってるみたいだ......開かない<br>どこかに鍵、落ちてるといいけど,鍵かかってるみたいです......開きません......<br>どこかに鍵、落ちてませんかね......<br>鍵、お持ちの方ー？,鍵かかってるっぽい......開かない......<br>どこかに鍵とかないかなー
unlock00,unlock,-,default,I opened it using {0}.,{0}を使ってみました......。開いた......！,{0}で鍵が開いた！,{0}で解錠したよー,{0}で鍵開けたー,{0}を使って、開けたよ,{0}を使って開けました,{0}使って開けた！
hasHole00,findHole,-,default,There's a hole...... Looks like something might fit in it......<br>I wonder if there's something useful lying around somewhere......,穴がありますね......。何かはめるのかな<br>使えるもの、どこかにあるといいですけど......,お、穴あいてる。何かはめるっぽいかも？<br>その辺になんか落ちてないかなー,んー？　何かはめ込めそうな穴があるねー<br>使えそうなの、どっかあるかなー,あー......なんか、はめられそうな、くぼみ的なのがある<br>なんか落ちとらんかな,穴があいてる......何か、はめ込めそうだ<br>どこかに使えそうなもの、落ちてるといいけど,穴があいてます......何か、はめ込めるようですけど......<br>どこかに使えそうなもの、落ちてませんかね<br>どなたかー？,穴があいてる......？　何か、はめ込めそうかも！<br>どこかに使えそうなもの、落ちてないかなー。おーい！
fillHole01,fillHole,-,default,Oh， {0} fits. Perfect.,あ......{0}、きれいにはまりました......,お！　{0}がはまった！,{0}、はめられたよー。ぴったし合ってそう,{0}、はめられた。完璧,{0}がはまった。これで当たりだったらしい,あ、{0}がはまりました。ぴったりです,あ、{0}がはまった。ぴったり！
lockedPassCode00,lockedPassCode,-,default,Looks like it's locked...... There's a place to enter a number...... What should we try?,これ、鍵かかってますね......。パスワードを入力できますけど......なに入れてみます？,鍵、かかってるみたい。パスワードで開くのかな。なんて入れてみる？,パスコードでロックされてるっぽい。なんて入力してみる？,鍵かかっとるね......<br>数字打ち込めるけど......なんて打ってみる？,鍵がかかってるみたいだ......。数字を入力するところがある......何を入力してみる？,鍵がかかってるみたいです......。数字を入力するところがありますね......なんて入れてみましょう？,鍵がかかってるっぽい......。数字を入力するところがあるっすけど......なんて入れてみます？
successPassCode00,successPassCode,-,default,Oh， it opened.,あ、開きました！,お！　やったね！　開いたよ！,よし、開いたね,おし、開いた,あ......。開いた,あ、なんと<br>開きました,あ、開いた！
failedPassCode00,failedPassCode,-,default,It won't open...... Guess that was wrong.,開きませんでした......,残念、開かなかったよ,だめかー。開かなかった,開かんね。だめらしい,開かない......ハズレみたいだ,開きません......これではないようです......,開かない......ハ、ハズレみたいっす......すみません......
call00,call,-,default,What?,な、なんでしょう......？,何かな？,何か用？,なんかあった？,何？,なんでしょう？,は、はい......なんでしょう......？
callFailed00,callFailed,-,default,Um...... What are you talking about......?,......？　ええと......ご、ごめんなさい、なんのことか......,ん？　ねぇ、あたしにわかるように言って？,？　なんのこと？,？　なんて？,......？　ごめん、なんのことかわかんない,ええと......なんでしょう？　すみません、よくわからなくて......,えーと......なんのこと......っすか......？
callAlready00,callAlready,-,default,Mm...... I'm doing it now......,は、はい......今やってます......,んん、今やってるよ......,んー、今やってるよー,んん......今やっとる......,ああ......今やってる.よ..,はい......今、やっているところです......,ん......今、やってるっす......
callHistoryed00,callHistoryed,-,default,Don't you want to look at that again?,それ、もう見ませんでしたっけ......？,それ、もう見たやつじゃない？,えー？　それ、もう見たよ？,それ、もう見とるやつじゃない？,それ......もう見たと思う,それ、先ほど見ませんでしたか？,それ、もう見たくないっすか......？
callLost00,callLost,-,default,Isn't that not here?,えーと......それ、ここにはないんですけど......,え？　それ、ここにはないよね？,それ、ここにはないけどー？,それ、ここにはなくない？,それ、ここにはないと思うけど,それ、ここにはありませんけれど......,それ、ここにはなくないっすか......？
callPost00,callPost,-,default,Huh? I'll check it properly later. Don't worry， I haven't forgotten.,えと......あとでちゃんと調べますから......,？　あとでちゃんと見るよ。だいじょーぶ、忘れてない！,んー？　ちゃんと調べるよ。あとでね,ん？　ああ、あとで調べとく。忘れとらんよ,......？　あとでちゃんと調べとくから。忘れてない,ええと？　あとでちゃんと調べます。ご安心ください,あ、あとでちゃんと調べとくっす！　忘れてない忘れてない......
callHas00,callHas,-,default,Huh? I've got it.,え......？　持ってます......けど......,ん？　ちゃんと持ってるよー？,えー？　持ってるけどー？,え？　持っとるよ？,......？　持ってるけど,？　持ってますよ。大丈夫です,......？　も、持ってるっすけど......？
encount00,encount,-,default,There's {0}! We might have to fight......!,うわっ！　{0}がいました！　うう......戦うしか......,{0}がいた！　こりゃ、逃げられないね......,{0}、見つけた......。逃げる......のは、無理っぽい......,{0}、みっけた......。逃げられんよね......これは......,{0}がいた......。戦うしかないな......,{0}がいました......！　これはもう、逃げられないですね......,わ、{0}......！　お助け......！
encountSurvivor00,encountSurvivor,-,default,A fight with {0}......<br>I guess we have no choice...... It looks pretty eager to fight......,{0}さんとお手合わせ......<br>うぅ......やるしかないんですか......,{0}と一戦！<br>お手合わせ願おう！,{0}とお手合わせ......<br>手加減してね......！,{0}とお手合わせ<br>いざ,{0}とお手合わせ......,{0}とお手合わせ......！<br>負けませんよ......！,{0}と手合わせ......<br>やるしかないっすよね......なんかやる気満々だし......
assault00,assault,-,default,{0}......! I guess we have to fight......,{0}です......。戦います......！,{0}、だね......！　やるよっ,{0}、だねー......やっちゃおっかー！,{0}、ね。やるしかない......よねー......,{0}......。相手するしかない......,{0}......！　やるしかありません......！,{0}......！　や、やるしかない......
joinBattle00,joinBattle,-,default,I'll help you!,わ、わたしも加勢します......！,あたしも戦う！,お、アタシも加勢するよ,おっと、うちも戦うよ！,私も加勢する......！,私も加勢します！,う、うちも戦うっす！　死なない程度に......！
battleWin00,battleWin,-,default,Phew...... Somehow， I beat it......,はぁぁぁ.......やられずにすみました......怖かった......,もう動かないね......ほっ......,ふー。動かなくなった。もうだいじょーぶ,はー......動かんくなった......,よし......なんとか倒した,ほっ......なんとかなりました......,ふぅ......な、なんとか倒した......よかった......死ななくて......
battleWinSurvivor00,battleWinSurvivor,-,default,Looks like I won......?,勝ち......みたいです,勝ったー。いえい,勝っちゃったねー,うん、うちの勝ちだね,勝ち、だね,じゃあ、私の勝ちですね,う、うちの勝ち......っぽい？
kill00,kill,-,default,I took down {0}!,{0}をやりました！,{0}を倒した！,{0}、やったったー,{0}、たおした！,{0}を倒した,{0}をやりました！,{0}、やったっす！　でももうやだ！
killSurvivor00,killSurvivor,-,default,Ah...... Did I win?,えと......勝ち、ですか......？,お！　あたしの勝ち？,おー。アタシ勝っちゃった？,うちの勝ち......かな？,私の勝ち......でいいかな,私の勝ち......でしょうか......？,あ......勝った？
battle_noWeapon00,battle_noWeapon,-,serious,Guess I'll have to fight with whatever's lying around......,ひ、拾った棒で戦うしかない......ですよね......,そのへんのもので殴るしかないかぁ......,あー......武器ない......この棒切れで戦うかー,武器は、この竹刀だけ！,その辺りに落ちてるもので戦うしかないか......,何か、落ちてるもので戦うしかありませんね......！,手ぶらでも......戦うしかない......死にたくない......
battle_noAmmo00,battle_noAmmo,-,serious,Ah， I'm out of ammo...... Guess I'll have to fight with whatever's lying around......,弾がないです......その辺の棒で戦うしか......,あちゃー、弾切れだ......そのへんのもので殴るしかないかぁ......,あー......弾がない......この棒切れで戦うかー,んー......弾がないんじゃ使えんね......,弾切れか......その辺に落ちてるもので戦うしかない......,あ、弾切れでした......落ちてるもので戦うしかありませんね......,た、弾切れ......！　弾は！　弾はどこ......！
battle_attack00,battle_attack,-,serious,Take this......!,えい！,そりゃ！,どいてよ！,とうっ......！,これでっ......！,ほらっ......！,うああああ......！
battle_attack01,battle_attack,-,serious,I took out its leg!,こないで！！,こないでよ！,これで倒れろ......！,これでどうだ......！,もう倒れてくれ......！,これでどう......！,このこの、この......！
battle_attack_weapon00,battle_attack_weapon,-,serious,I hit it!,当たれ......！,このぉ！,一発あーたり！,一発あてた！,当てた！,当たりました！,あ、当たった！　ラッキー！
battle_attack_survivor00,battle_attack_survivor,-,serious,Take this......!,えい......！,とりゃ！,とうっ！,めーんっ,この......！,これでどう......！,この......っ！
battle_attack_survivor01,battle_attack_survivor,-,serious,Hiyah......!,と、とぅ......っ,せいっ！,当たってよ......！,どーうっ,これで！,ほらっ！,てい......！
battle_attack_survivor02,battle_attack_survivor,-,serious,Come on......!,もうっ......！,これでどうだっ,ほら......！,てーいっ,当たれ......！,とうっ......！,もうっ......！
battle_damage00,battle_damage,-,serious,Let go...... you......!,やめてください！　いやだっ！,やだやだ！　やめてっ,ううっ......,うっ......！,邪魔だ......！,離して......もうっ......！,やめてやめてやめて......！　むり......！
battle_damage01,battle_damage,-,serious,Geez......!,いや......っ！,くぅ......！,もう......この......！,やめっ......！,このっ......！,いたた......,やだ！　死にとうない！
battle_damage_survivor00,battle_damage_survivor,-,serious,Ouch......!,あいたっ......,いったぁ......,いったー,うっ......,くっ......,うっ......！,いたっ......！
battle_damage_survivor01,battle_damage_survivor,-,serious,That was close......,うぅ......,くぅ......！,うっ......,くぅ......！,うっ......！,いたた......,あぶなっ......
battle_attack_miss00,battle_attack_miss,-,serious,I missed......!,は、はずしちゃいました......！,はずした！,はずした......！,はずした......！,はずした......！,はずしてしまいました......！,は、はずしちゃった......！
battle_attack_miss01,battle_attack_miss,-,serious,I couldn't hit it......!,当たりません......！,ちぇっ......当たんない......！,くーっ......当たらない......！,ちぇっ......当たらん......！,当たらない......！,当たりません......！,あ、当たんなかった......！
battle_attack_miss02,battle_attack_miss,-,serious,Ah...... I couldn't hit it......,わっ......避けられました......！,避けないでよ......！,避けるな......！,よけんでよ......！,くっ......当てられなかった,もうっ......当てられない......,あ......当てられない......！　無能！
battle_wait00,battle_wait,-,serious,Well......,どうしよう......,さーてさて......,ほらほら、おいで～？,ほらほら......打っておいで,さて......,はて......どうしましょう......,さて......？
battle_wait01,battle_wait,-,serious,How should I attack......?,ええと......,かかってこーい！,さーて......,どう攻めようかね......,どうしようか......,はてはて......,どうしよっかなー
comeEnemy00,comeEnemy,-,serious,{0}'s coming this way......,{0}、こっちに来ます......,{0}、こっち来る......！,{0}、こっち来てるね......,{0}、こっち来とるね......,{0}、こっち来てる......,{0}、こっちに来ます......,{0}、こっち来るっす......！　来んな！
comeEnemy01,comeEnemy,-,serious,{0}'s getting closer......,{0}、迫ってきます......！,{0}、近づいてくる......！,{0}、にじり寄ってくる......！,{0}、近寄ってきとる......！,{0}、近寄ってくるな......,{0}、近寄ってきますね......,{0}、来てる来てる......！
comeEnemy02,comeEnemy,-,serious,{0}'s coming this way......!,{0}、近づいてきます......！,{0}、寄ってくる......！,{0}、こっち来る......！,{0}、こっち寄ってくるじゃん......,{0}、近づいてくる......,{0}、寄ってきてます......！,{0}、こっちに来る......！　やだ！　あっちいけ！
confirmEscapeBattleBoss00,confirmEscapeBattleBoss,-,serious,We might be able to get away now......!<br>What should we do? <button>Run</button>? Or <button>Fight</button>?,い、今なら......逃げられるかもです！<br>どうしましょう、<button>逃げます</button>？　このまま<button>戦います</button>？,今なら......逃げられるかも......！<br>どうする？　<button>逃げちゃう</button>？　<button>このまま戦う</button>？,んー......今なら、逃げられるかも......<br>どーする？　<button>逃げる</button>？　このまま<button>戦う</button>？,んー......今なら、逃げられるかも......<br>どーする？　<button>逃げとく</button>？　このまま<button>戦う</button>？,今なら、逃げられるかもしれない......<br>どうする？　<button>逃げる</button>？　このまま<button>戦う</button>？,今なら、逃げられるかもしれません！<br>どうしましょう？　<button>逃げる</button>か、このまま<button>戦う</button>か......,今なら、逃げられるかも......！<br>どうする？　<button>逃げる</button>？　もしかして、このまま<button>戦う</button>......？
dead00,dead,-,serious,Ah...... I don't think I can......<br>I can't stand anymore...... Sorry......,いたいっ！　<br>......え？<br>ああ.......ごめんないさ.......あたし、もう......,あちゃ～......あたしの運もここまでかぁ......<br>あーあ......<br>ごめんね......,あー、れー......あー、もう無理かも......<br>ごめん......ここまで......みたい......,う......あー......<br>ごめん、もう無理......<br>うち、ここまで......みたい......,くっ......<br>ここまでみたいだ......ごめん......私......,あ......だめ、かも......<br>もう、立てない......ごめんね......,あ......だめ、かも......<br>もう、目の前が......<br>まぢむり......
staminaLost00,staminaLost,-,sad,Ah......<br>I'm...... too hungry to move anymore......<br>I'm going home......,うう......<br>お腹がぺこぺこで......これ以上は......<br>一度、帰りましょう......,うー......<br>もう動けないよー......お腹空いたー<br>いったん帰ろー......,あー......<br>もーだめ......お腹空きすぎ......動けない......<br>一度、帰るねー......,あー......もう......<br>お腹空きすぎ<br>帰らせて......,あー......<br>もう......お腹すきすぎて動けないよ......<br>帰る......,うーん......<br>ごめんなさい、もう......お腹空きすぎて......<br>いったん、帰らせてください......,あー！<br>もう......お腹すきすぎて動けない！<br>無理！　帰る！
changedStamina_200,changedStamina_2,-,default,I think I'm getting a little hungry......,ちょっとだけ......お腹空いてきました......,ちょっと小腹空いてきたなー,小腹すいたなー,小腹、空いてきたねぇ,少し小腹が空いてきたな,少々、小腹が空いてきましたね......,お腹空いてきたかも......ちょ、ちょっとだけ......
changedStamina_300,changedStamina_3,-,sad,I'm hungry......,お腹空いたな......,あー、お腹空いた！,んー.......お腹空いた......,お腹すーいた......,お腹空いてきた......,お腹が鳴りそうです......お恥ずかしい......,お、お腹空いたな......とか言ってみたりして......
changedStamina_400,changedStamina_4,-,sad,I'm...... so hungry...... I don't wanna walk anymore......,もう、お腹ぺこぺこで......これ以上は......,もー、お腹ペコペコ！,あー......もう動きたくなーい......お腹空いた......,うぅ......お腹空きすぎて、お腹痛くなってきた......,お腹空いた......もう、これ以上は......,もうお腹もなりません......うう......,あ、あの......お腹空きすぎ......これはまじ......
use00,use,-,default,I used {0}.,{0}を使いました！,{0}を使ったよ！,{0}、使ったよー,{0}、使ったよ,{0}、使った,{0}を使いました,{0}を使ったっす！
equip00,equip,-,default,I equipped {0}.,{0}を装備しました......,{0}を装備完了！,{0}、装備したよー,{0}、装備した,{0}、装備した,{0}を装備しました,{0}を装備したっす！　いい感じ！
equipTool00,equipTool,-,default,I'm holding {0}.,{0}、手に持ちました......,{0}、手に持ったよ！,{0}、手に持ったー,{0}、手に持ったよ,{0}、手に持った,{0}、手に持ちましたよ,{0}、手に持った！
weaponBroken00,weaponBroken,-,sad,{0} broke...... Aw， man......,ご、ごめんなさい！　{0}、壊しちゃいました......,{0}、壊れちゃった......今までありがと！　さよなら！,{0}、壊れちゃったー......修理は難しいね......,あー......{0}、壊れた......すまん......,{0}が壊れた......,{0}が壊れてしまいました......<br>ごめんなさい、さようなら......,{0}が壊れちゃった......す、すみません......！
eat00,eat,-,smile,I'm gonna eat {0}......<br>It's good......,{0}、いただきます......！,{0}を食べるね<br>うまうま,{0}、食べちゃおー,{0}、食べるね,{0}、食べるよ......<br>......おいしい,{0}、食べますね......<br>まぁ。おいしい......,{0}、食べちゃお！<br>うめ！
eat_favorite00,eat_favorite,-,smile,I'm gonna eat {0}......<br>Yummy...... I really like rice.,{0}、いただきます......！<br>おいしい......。野菜は、やっぱり気持ちが落ち着きます......,{0}を食べるね<br>おいしー！　あたし、卵大好き！,{0}、食べちゃおー<br>うーむ！　やっぱ肉だねー,{0}、食べよっと......<br>うむうむ、肉はいつ食べてもうまい,{0}、食べるよ......<br>おいし......。卵料理は至高,{0}、食べちゃいます......<br>あら、本当においしい......。私、お野菜の甘味って大好きなんです,{0}、食べちゃお！<br>うまい......肉、うまい......
eat_dislike00,eat_dislike,-,sad,I'll try {0}......<br>......I'm not really a fan of this......,{0}、食べてみます......<br>......私、卵、苦手なんですよね......,{0}、食べてみる......<br>うー......野菜きらーい,{0}、食べてみるねー<br>うーん......野菜のシャキシャキがどーしてもなー......,{0}、食べるね......<br>......パンより米派......なんだよね。どっちかっていうと,{0}、食べてみる......<br>......私、これ、嫌い,{0}、食べてみます......<br>......うーん......お肉をたくさん食べると、ちょっと苦しくなってしまいますね......,{0}、食べてみる......<br>......うち、なぜかお米苦手なんすよね......
eat_notTasty00,eat_notTasty,-,sad,I'll try {0}......<br>Hmm...... This isn't really something you eat by itself......,{0}、食べてみます......<br>......このままで食べるには、ちょっと......うーん......,{0}、食べてみる......<br>......これだけで食べるものじゃないね......,{0}、食べてみるねー<br>うーん......このままで食べるものじゃないなー.......,{0}、食べてみる......<br>......このまま食べるもんじゃない......,{0}、食べてみる......<br>うーん......これだけで食べるものじゃない......な......,{0}、食べてみます......<br>......ええと......これだけで食べるのも、なかなか......貴重な体験ですね......,{0}、食べてみるっす......<br>......これだけで食べるものじゃないよね......そりゃそう......
read00,read,-,default,It says “{0}”......,『{0}』って書いてあります......,『{0}』って書いてあるね,『{0}』って書いてあるねー,『{0}』って書いてあるよ,『{0}』と書いてある......,『{0}』と書いてあります......,『{0}』って書いてある......
questSuccess_goOutside00,questSuccess_goOutside,-,default,Guess that's it for this place......,これでおしまいにしましょう......よし,さて、これでおしまいかな,これで終わりにしよっかー,これで、終わりにしますかー,これでここは終わりにしよう,これでここは終わり......ですかね,これでここは終わりかな！
questSuccess_goOutside01,questSuccess_goOutside,-,default,Guess that's about it here......,ここは終わりですかね......,うん、ここは終わりでいいかな！,ここは終わりかなー,ここは、これで終わりかね,ここは、こんなもんだろう,ここは、こんなものでしょうか......,ここは、こんなもんかなー
questSuccess_goOutside02,questSuccess_goOutside,-,default,Guess that's it for this place.,よし、ここはもう出ましょう,ここは終わりだね,ここは、おしまいだねー,ここは、おしまい,これで終わりだろう、ここは,これでおしまいですかね、この辺りは,これで終わりかな！
questFailed00,questFailed,-,default,-,-,-,-,-,-,-,-
questStart00,questStart,-,default,Here we are.,到着です,到着！,着いたね,着いたね,......到着,到着です,きたきたきた！
questStart01,questStart,-,default,We made it......,着きました......,着いたー！,んー、やっと到着！,やっと、到着かー,ついた......,さぁ、着きましたよ,到着！
questStart02,questStart,-,default,Mm...... I'm tired from driving......,ここ、ですね,ここだね,さて。着いたねー,ここ、見てみようか,ついた......,ここですね。着きました,着いたー！
questStart_sub00,questStart_sub,-,default,Well， I wonder if there's anything here......,お、置いてかないでくださいね......,さて、物色ぶっしょく！,さーて、何かいいものあるかなー,さて、なんかあるかね,......何か残ってるといいけど,がんばって、役に立ちますね......！,ここには何があるっかなー
startLocation00,startLocation,-,default,This is the {0}th place， {1}......,{0}件目......{1}です......,{0}件目！　{1}に来たよ,{0}件目、{1}だねー,{0}件目、{1}だね,{0}件目、{1}に来た,{0}件目、{1}です......,{0}件目、{1}！
confirmMoveOutside00,confirmMoveOutside,-,default,Should we <button>Go</button> toward {0}? Or <button>Explore</button> a little more?,{0}の方、<button>行きます</button>？　もうちょっと<button>探索</button>します......？,{0}の方<button>行っちゃう</button>？　もちょっと<button>探索</button>しとく？,さーて、{0}の方<button>行く</button>？　もーちょっと<button>探索</button>しとく？,さて......{0}の方<button>行っとく</button>？　もーちょっと<button>探索</button>？,{0}の方<button>行く</button>？　まだ<button>探索</button>する？,{0}の方<button>行きます</button>？　もうちょっと<button>探索</button>してみましょうか？,{0}の方<button>行く</button>っすか？　もうちょっと<button>探索</button>してみる？
checkNextLocation00,checkNextLocation,-,default,I can see {0} over there...... Should we go check it out? Or should we <button>Go back</button>?,向こうに{0}が見えますね......どれに行ってみます？　それとも、もう<button>帰ります</button>？,向こうに{0}があるね。どする？　どれ行く？　それとも、もー<button>帰ろ</button>っか？,ふー。向こうに{0}が見えるね。どれに行くー？　あー、それとも、もー<button>帰っちゃう</button>？,うーんと。向こうに{0}が見えるね。どれ、行っとく？　もう<button>帰って</button>もいいよ,向こうに{0}が見える......どれ、行く？　それとも、もう<button>帰る</button>？,向こうに{0}が見えます......どれ、行ってみましょう？　それとも、もう<button>帰ります</button>？,向こうに{0}が見えるなー......どれ、行ってみよっかな。それとも、もう<button>帰る</button>っすか？
checkNextLocationHungry00,checkNextLocationHungry,-,sad,I can see {0} over there...... Should we go? Wouldn't it be better to <button>Go back</button>? I'm hungry......,向こうに{0}が見えますね......行きます......？　もう<button>帰りたい</button>かもです......お腹空いた......,向こうに{0}があるけど......行く？　もー<button>帰る</button>ことにしない？　お腹空いたよー,ふー。向こうに{0}が見えるけど、行くー？　でも、もー<button>帰りたい</button>なー。お腹ぺこぺこだよ,うーんと。向こうに{0}が見えるけど、行っとく？　けどまぁ、もう<button>帰りたい</button>なー。お腹ぺこぺこ,向こうに{0}が見える......どれ、行く？　もう<button>帰る</button>ことにしない？　お腹空いたし......,向こうに{0}が見えますが......行きます？　何もなければ、もう<button>帰る</button>方が......お腹空いてしまいました......,向こうに{0}が見えるけど......い、行くっすか？　もう<button>帰る</button>方がよくない......？　お腹空いたし......？
checkNextLocationFoundMemoryItem00,checkNextLocationFoundMemoryItem,-,default,I can see {0} over there...... Should we go? We found {1}， so wouldn't it be better to <button>Go back</button>?,向こうに{0}が見えますね......行きます......？　{1}、見つけたし、もう<button>帰りたい</button>かもです,向こうに{0}があるけど......行く？　{1}、見つけたし、もー<button>帰る</button>ことにしない？,ふー。向こうに{0}が見えるけど、行くー？　{1}、見つけたし、もー<button>帰りたい</button>なー,うーんと。向こうに{0}が見えるけど、行っとく？　{1}、見つけたし、うちはもう<button>帰りたい</button>かな,向こうに{0}が見える......どれ、行く？　{1}、見つけたし、もう<button>帰る</button>ことにしない？,向こうに{0}が見えます......行きます？　{1}、見つけましたし、もう<button>帰る</button>方がよいと思いますけど......,向こうに{0}が見えるけど......行くっすか？　{1}、見つけたし、もう<button>帰る</button>方がよかったり......？
completeSearch00,completeSearch,-,default,Guess there's nothing left around here......,この辺は、もう何も残ってないですね......,この辺は、もう何も残ってないかなー,この辺は、もう何も残ってないねー,この辺は、もうなんも残っとらんね,この辺は、もう何も残ってなさそうだ,この辺は、これで全部ですかね......,この辺は、もう何も残ってないっすかね......
continueSearch00,continueSearch,-,default,I wonder if there's still something left......,まだ、何かありますかね......,えーっと、まだ何かあるかな,んー......まだ何かあったかな......,んー......まだなんかある......？,まだ、残ってるものは......,まだ、何かありますかね......,まだ、何かあーるかな
continueSearch01,continueSearch,-,default,Hmm...... I wonder if there's anything else......,他に、何かありましたっけ......,まだ見てないものは......,あとー調べてないものはー......,ほか......なんか調べとらんもの......,......まだ何かあるかな,うーん......まだ何か残っているもの......,うーん......ま、まだ何かあるっすかね......
continueSearch02,continueSearch,-,default,Let's see...... What haven't I checked yet......,うーんと......まだ見てないものは......,あとはー......何があるかなー,まだ何か残ってるかな......,まだ、なんか残っとるかねー......,まだ見てないものは......,まだ見てないもの......どなたか......,うーむ、まだ見てないものはーっと
nextLocation00,nextLocation,-,default,Okay， next.,先に進みますね......,次いこ！,進むね,いこいこ,じゃあ、次にいこう,じゃあ、次、行きましょう,じゃ、次いこー！
nextLocation01,nextLocation,-,default,Okay， let's go.,い、行きましょう......,よし、いこー,んー。いこっかー,次、いってみよう,よし、行こう,それで、次に,よし、いこいこ！　ゴーゴー！
nextLocation02,nextLocation,-,default,I wonder what's next.,行きます！,さぁさぁ、次は何があるかな～,さてさて......お次はどんなとこかな～,はい、じゃあ、つぎー,次に進もう,次も、何かあるといいですね,次は何が見つかるかなー
returnGateway00,returnGateway,-,default,Okay， let's head back.,じゃあ、戻りますね,帰るよ！,戻ろーっと,戻ろうかね,よし、戻ろう,では、戻りましょう,よし、戻りますかー！
returnGateway01,returnGateway,-,default,Phew. Let's go home.,ふぅぅ......帰ります......,お疲れ！　さ、帰ろ～,じゃあ、帰る！,じゃあ、帰ろう,ふぅ......。帰ろう,ふぅ。帰りましょうね,ふー。おわり！　帰ろ！
returnGateway02,returnGateway,-,default,Well then， let's call it a day.,そうしましょうか......うん。戻ります！,ふぅ......じゃ、今日はここまで～,帰宅帰宅～,帰りましょうねー,じゃあ、今日はここまでにしようか,じゃあ、今日はここまでにして。撤収です,じゃあ、今日はここまで！
areaComplete00,areaComplete,-,default,I guess we've pretty much finished up around here......<br>Phew...... I'm tired.,この辺は、これでおしまいです......<br>疲れたぁ......,よし！<br>この辺りは、これで終わり！,これで、この辺りは全部見たかなー<br>お疲れさまだねー,これで、この辺はもうおっけーかな,この辺りは、だいたい終わったかな......<br>......疲れた,この辺りは、だいたい終わりましたかね......<br>ふぅ。疲れちゃいました,この辺りは、だいたい終わったかな......<br>ふぅ......疲れたー
areaComplete01,areaComplete,-,default,I think we're done around here.<br>It's hot......,この辺りは、このくらいですかね......<br>はぁぁ......,さて、こんなもんかな<br>だいたい見終わったし、終わり！,んー......だいたい見終わったかな<br>よしよし、まぁこんなもんでしょ,よし、だいたい見終わった<br>もう十分でしょ,この辺は、もういいかな<br>......よし,この辺は、もういいですかね<br>あっつーい,この辺は、もういいかな<br>暑い！
areaComplete02,areaComplete,-,default,I guess we've pretty much seen everything.<br>Man...... I'm tired， tired.,これで、だいたいおしまいですね......<br>今日も終わっちゃうな......,うーん、この辺りはおしまいだね<br>疲れたー,この辺りはこれで終わり！<br>やー......まぁまぁ疲れちゃったなー,おしまい！<br>疲れた疲れた......,だいたい見終わったかな<br>......疲れた,だいたい見終わりましたかね<br>やぁ......疲れました,だいたい見終わったかな<br>やー......疲れた疲れた！
find00,find,-,default,I found {0}.,{0}を見つけました......,{0}を発見！,{0}、見つけたー,{0}、見つけた,{0}を見つけた,{0}を見つけました,{0}、みーっけ！
find01,find,-,default,Found {0}.,あ、{0}、見つけました,{0}、みーっけ,{0}、はっけーん,{0}、発見,{0}、見つけた,{0}、発見です,{0}、見つけたっす！
find02,find,-,default,Oh， it's {0}.,{0}、見つけました......,あー！　{0}、見つけた！,んー？　{0}、みっけー,あ......{0}、みっけ,......{0}だ,あ、{0}見つけました,あ、{0}だ！
callObject00,callObject,-,default,{0}...... There it is.,{0}......あ、ありました,{0}？　あ、あった,{0}、あるねー,{0}？　あ......これね,{0}......あった,{0}......ありました,{0}......あった！
callObject01,callObject,-,default,{0}...... Mm. Found it.,{0}......？　あ、見つけました！,{0}......あ、みっけ,{0}？　あ、あったー,{0}、あるね,{0}......。ああ、見つけた,{0}......あ、はい。見つけました,{0}......お。見つけた！
callObject02,callObject,-,default,{0}? ......Oh. There it is.,えーと......{0}......あ、ありました,{0}......あるね,{0}......お。見つけた,{0}......。あ、見つけた,{0}？　......あ。あった,{0}、ですか？　......あ。ありますね,{0}？　......あ、ありました！
confirmSuccess00,confirmSuccess,-,default,Okay.,はい！,りょーかい！,おっけーい,おけい,わかった,わかりました,おっけーい！
confirmFailed00,confirmFailed,-,zito,Could you answer with <button>Yes</button> or <button>No</button>?,あの......<button>はい</button>とか<button>いいえ</button>で答えてくれますか.......？　ごめんなさい......,<button>うん</button>とか<button>いや</button>とかで答えてくれない？,<button>イエス</button>とか<button>ノー</button>とかで答えてくんない？,<button>イエス</button>とか<button>ノー</button>とかで答えてくれん？,<button>うん</button>か<button>いや</button>で答えてくれない？,<button>はい</button>とか<button>いいえ</button>で答えていただけます？,え、ええと......<button>うん</button>とか<button>いや</button>って答えてほしいっす......可能なら......
checkConfirm00,checkConfirm,-,default,Looks like there might be something farther in...... Do you think we should <button>Take a look</button>? Or <button>Leave it</button>?,奥に何か見えます......。<button>調べて</button>みるべきでしょうか......。<button>やめときます</button>......？,お......？　奥、何かあるかも。<button>見てみる</button>？　<button>やめとく</button>？,奥に何か見えるねー。<button>見てみる</button>べきー？　<button>やめとく</button>ー？,奥に何か見えるね......<button>見てみる</button>べき？　<button>やめとく</button>？,奥に何かありそうだ......。<button>見てみる</button>べき？　<button>やめとく</button>？,奥に何かありそうですね......。<button>見てみます</button>？　<button>やめときます</button>？,うーむ......奥に何かありそうかも。<button>見てみる</button>っすか？　<button>やめとく</button>？
search00,search,-,default,I'll check out {0}......,{0}を調べてみます......,{0}を見てみるね,{0}を調べてみよーっと,{0}、調べてみよう,{0}を調べてみよう......,{0}を調べてみます......,{0}、見てみよー
itemNotFound00,itemNotFound,-,default,Hmm...... Looks like there's nothing here.,何もなかったです......,何もなかった。残念,何もないねー。ざーんねん,何もないね。ざんねん,うーん......何もないみたいだ,ええと......何もないみたいですね......,うーん......何もない！　虚無！
nothing00,nothing,-,default,There's nothing here......,何もないですね......,なんにもないなぁ,なーんもないねー,なんもないね,何もないな......,何もないです......,何もない......
interactTry00,interactTry,-,default,There's {0}......<br>What should we do? What should we try?,{0}があります......<br>どうしよう、何してみます......？,{0}があるね......<br>どーしよ、何してみよっか？,{0}がある......<br>どーしよっかなー、何してみるー？,{0}がある......<br>どしよ、なんしてみる？,{0}がある......<br>どうしよう。何してみる？,{0}があります......<br>どうしましょう、何してみます？,{0}があるっす......<br>どうしよ、何してみるっすか？
interactFailed00,interactFailed,-,default,......<br>Hmm， doesn't look like it works.,......<br>......うーん......だめみたいです......,......<br>だめっぽいね。残念,......<br>うーむ、だめみたい,......<br>......だめらしい,......<br>うーん、だめみたいだ,......<br>うーん、だめみたいですね......,......<br>うーん、だ、だめみたいっす......
interactRetry00,interactRetry,-,default,Huh? I'm asking what you want to try......,えーと......　何やってみましょう......って訊いてるんですが......,うーんと？　何してみる？　って訊いてるんだよ？,えー？　何してみる、って訊いてるんだけどー？,うん？　なにしてみる、って訊いとんだけど？,？　何やってみるか、って訊いてるんだけど,？　何やってみましょうか、という話なんですけど......,え、ええと......何やってみる？　って訊いてるんすけど......す、すみません......
interactCancel00,interactCancel,-,default,Got it. We'll leave it alone.,わかりました。触らないでおきます......,おっけ。ほっとく,おっけーい。ほっとこー,おけい。ほっとく,わかった。ほっとこう,わかりました。放っておくことにます,おっけ！　触らない！
avoid00,avoid,-,doubt,That {0}...... gives me a bad feeling. Let's stay away from it.,{0}があるんですけど......なんか変な感じ......。近寄らないようにします......,あの{0}、なんかやだな。近寄らないようにしよっと,あー。あの{0}、危なそう。ほっとこ,ん－......<br>あの{0}、危なそうね。ほっとく,あの{0}......なんかやな感じする。近寄らないようにしよう,あの{0}......なんか嫌な感じ、しますね......。近寄らないようにしましょう,あの{0}......なんかやな感じするっす。近寄らないようにしよ......
callAvoid00,callAvoid,-,default,......Okay. We'll stay away from it.,......？　......わかりました、近づきません,......おっけー。触らないようにする,{0}？　あー......了解。ほっとくー,{0}？　あー......わかった。ほっとく,......わかった。近寄らないようにする,......わかりました。近寄らないようにします,了解！　触らない！
hideable00,hideable,-,default,There's a gap big enough to hide in.,隠れることができるくらいの隙間があります......,隠れられそ！,隠れるってのもありかもね,ここ、隠れられそうね......,隠れられるくらいの隙間がある......,あら......隠れられそうな隙間がありますね,隙間ある......こ、ここに隠れてたら安全かも......
hide00,hide,-,default,I'll try hiding here......,ここに隠れときます......,ここに隠れてみるね,ここに隠れとこー,ちょっと隠れとく......,少し、ここに隠れてみよう......,ちょっとだけ、ここに隠れてみましょう......,隠れとこ......<br>狭い......でもこの安心感......
hideSuccess00,hideSuccess,-,default,......<br>......The Infected went that way...... We almost ran into them......,......<br>......感染者が向こうに歩いていきました......鉢合わせなくてよかった......,......<br>......感染者、あっち行ったね。......セーフ,......<br>......感染者、あっち行ったね。ふー。あぶないあぶない,......<br>......感染者、あっち行った<br>ふー。あぶあぶ,......<br>......感染者が向こうにいった......もう少しでかち合うとこだった......,......<br>......感染者、向こうにいきましたね......もう少しでかち合うところでした......,......<br>......感染者、向こう行った......<br>死ぬとこだった......セーフ
hideFailed00,hideFailed,-,default,......I don't think we can hide there， do you?,......そこに隠れるのは......難しい......です......,......？　さすがに、そこには隠れられなくない？,......隠れる？　そこに？　あはは。じょーだんでしょ？,......隠れる？　そこ？<br>......あ。冗談か<br>......冗談、よね？,......そこに隠れるのは、厳しい......,......そこに隠れるのは、さすがに......,......そ、そこに隠れるのは、さすがにむりでは......？
hideEnd00,hideEnd,-,default,......<br>......Looks like there's nothing around here.,......<br>......この辺りは、何もいないみたいです......,......<br>......この辺は、何もいなさそうだね,......<br>......この辺は大丈夫みたいだね。なんにもいない,......<br>......この辺はなんもおらんみたい。安全よし！,......<br>......この辺りは、何もいないようだ,......<br>......この辺りは、何もいないようですね......,......<br>......この辺は、何もいないっぽい......<br>さらば隙間の安心感......
useLight00,useLight,-,default,I'll use {0} to look into the darkness......<br>I wonder if there's anything there......,{0}で暗がりを照らしてみます......<br>うぅ......ちょっと怖い......,{0}で暗がりを調べてみるね！<br>何があるかなー,{0}で暗がりを調べてみるよーっと<br>何があーるかなっ,{0}で暗がりを調べてみよ<br>なんかあるかね......,{0}で暗がりを調べてみる......<br>......何かあるといいけど,{0}で暗がりを調べてみます......<br>何かあるでしょうか......,{0}で暗がりを調べてみよ！<br>何かあるかな......
useBell00,useBell,-,default,I'll throw {0}......<br>......The Infected went that way.<br>Okay， we're safe now.,{0}、投げてみます......<br>......感染者、あっち行っちゃいました......<br>ふぅ......,{0}、投げてみるよ......<br>......感染者、あっち行ったっぽい<br>安全確認よし！,{0}、投げてみよ......<br>......よし。感染者、あっち行ったねー<br>あんぜーん,{0}、投げてみよ......<br>......よし。感染者、あっち行った<br>これで安心,{0}、投げてみる......<br>......感染者、あっち行った<br>よし......,{0}、投げてみます......！<br>......感染者、あちらに行きましたね<br>もう大丈夫そうです,{0}、投げてみる！<br>......感染者、あっち行った......<br>よしよし！
itemAttack00,itemAttack,-,default,I used {0}......!,{0}、つ、使いました......！,おりゃっ！　{0}、使ったよ！,とうっ！　{0}、使ったよー,とーっ{0}、使ったよ,{0}、使った......,{0}、使いました......！,{0}、使った......！
observeSafe00,observeSafe,-,default,{0}...... Hmm. Looks safe. Probably.,{0}......安全そうです......た、たぶん......,{0}......大丈夫じゃない？　たぶん,{0}......まー、大丈夫なんじゃない？,{0}......まぁ、大丈夫......じゃない？,{0}......。安全そう。たぶん,{0}......うーん。安全そうですね。おそらく,{0}......うーん。安全っぽい？　たぶん
observeDanger00,observeDanger,-,doubt,{0}...... This might be bad. I have a bad feeling about this......<br><button>Take a look</button>? Or <button>Leave it</button>?,{0}......よくない感じします......触らない方がよさそう......<br><button>見てみます</button>？　<button>やめときます</button>......？,{0}......うーん......やばいかも......<br><button>見てみる</button>？　<button>やめとく</button>？,{0}......んー、だめかも。嫌な感じする,{0}......んー、だめそう。やな感じ,{0}......これ、やばいかも。嫌な感じ......<br><button>見てみる</button>？　<button>やめとく</button>？,{0}......これ、よくない予感します......なんとなく......<br><button>見てみます</button>？　それとも<button>やめときます</button>？,{0}......これ、やばいかも。やな予感する<br><button>見てみる</button>っすか？　<button>やめとく</button>？
observeFailed00,observeFailed,-,doubt,......? I'm asking whether we should <button>Take a look</button> or <button>Leave it</button>......,......？　<button>見てみる</button>か、<button>やめとく</button>か訊いてるんですけど......,え？　<button>見てみる</button>か、<button>やめとく</button>か訊いてるんだけど......,えー？　<button>見てみる</button>か、<button>やめとく</button>か訊いてるんだけど？,え......？　<button>見てみる</button>か、<button>やめとく</button>か訊いとるんだけど......,......？　<button>見てみる</button>か、<button>やめとく</button>か訊いてるんだけど,......？　<button>見てみる</button>か、<button>やめとく</button>か訊いてるんですが......,......？　<button>見てみる</button>か、<button>やめとく</button>か訊いてるんだけど......
readNote00,readNote,-,default,Ah...... there's something written on {0}......<br>It says “{1}”......<br>......,あ......{0}に何か書いてあります......<br>『{1}』......<br>......,お......{0}に何か書いてあるね......<br>『{1}』......だって<br>......,あ......{0}に何か書いてあるねー<br>『{1}』......だってー<br>......,あ......{0}に何か書いとるね......<br>『{1}』......だって<br>......,......{0}に何か書いてある......<br>『{1}』......だって<br>......,あ......{0}に何か書いてあります......読んでみますね<br>『{1}』......だそうです<br>......,あ......{0}に何か書いてあるっす......<br>『{1}』......だって<br>......
escapeLocation00,escapeLocation,-,sad,......Let's get out of here， okay?,あの......もうここから出ませんか......？　お願いします......,もう、出ない？　ここ......,ねー。ここ、もう出ない......？,ね......。ここ、もう出ん？,......もう、ここから出よう。......ね？,......もう、ここから出ましょう.......,......も、もう、無理！<br>帰る！　さよなら！
openBox00,openBox,-,default,I'll try opening {0}......,{0}、開けてみます......,{0}、開けちゃお！,{0}、開けるねー,{0}、開けるね,{0}、開けてみる,{0}、開けてみます......,{0}、開けてみよ......
moveObstacle00,moveObstacle,-,default,There's {0}......<br>We can't get through unless we move it......<br>......Hup.<br>......There， that'll do.,{0}があります......<br>どかさないと通れないですね......<br>よいしょっと......<br>......ふぅ,{0}があるね......<br>通るなら、どかさないとね......<br>......よっ！<br>......ふー,{0}があるねー<br>どかさないと、通れないかー......<br>......よっ<br>......よしっと,{0}があるね<br>どかさんと、通れんなー......<br>......よっ<br>......これで、おけ,{0}がある......<br>どかさないと通れないな......<br>......よっ<br>......これで大丈夫,{0}があります......<br>どかさないと通れませんね<br>......よっと<br>......これでいいでしょう,{0}、邪魔だなー<br>どかさないと......<br>......よっこらせ<br>......これでよし！
findEnemyObstacle00,findEnemyObstacle,-,default,There's {0}......<br>If we're going this way， I guess we'll have to fight......,{0}がいます......<br>ここ通るなら、やるしかない......ですよね......,{0}がいるね......<br>ここ通るなら、やっちゃうしかないね,{0}がいるねー<br>ここ通るなら、やるしかないっかー,{0}がおるね......<br>ここ通るなら、やるしかないね......,{0}がいる......<br>ここ通るなら、やるしかないな......,{0}がいます......<br>ここ通るなら、避けられないですね......,{0}がいるっす......<br>通るなら、やるしかない......やるしか......
intoPocket00,intoPocket,-,default,Ah......<button>{0}</button>， found it. I'll put it in my pocket.,あ......<button>{0}</button>、見つけました......。ポケットに入れときます......,お......？　<button>{0}</button>、みっけ。ポケットに入れとこーっと,んー......？　<button>{0}</button>、見つけた。ポケットに入れとくよ,お......。<button>{0}</button>、見つけた。ポケットに入れとく,......<button>{0}</button>、見つけた。ポケットに入れておこう,あ......<button>{0}</button>、見つけました。小さいので、ポケットに仕舞っときますね,あ......<button>{0}</button>、見つけた。ポケットに入れとこ
findFuel00,findFuel,-,default,Ah......<button>{0}</button>， found it.<br>I'll carry it along later.,あ......<button>{0}</button>、見つけました......<br>あとで運んでおきます......,お......？　<button>{0}</button>、みっけ<br>あとで運んどくねー,んー......？　<button>{0}</button>、見つけた<br>あとで運んどくよ,お......。<button>{0}</button>、見つけた<br>あとで運んどく,......<button>{0}</button>、見つけた<br>あとで運んでおこう,あ......<button>{0}</button>、見つけました<br>あとで運んでおきますね,あ......<button>{0}</button>、見つけた<br>あとで運んどこ！
lockedOutside00,lockedOutside,-,default,Mm...... {0} is locked......<br>I wonder if there's a key lying around somewhere......,あれ......{0}、鍵かかってます......<br>どこかに鍵、落ちてませんかね......,ん......{0}、鍵かかってる......<br>どこかに鍵、落ちてないかな......,おー？　{0}、鍵かかってるねー......<br>どこかに鍵、落ちてるといいけど......,あれ。{0}、鍵かかっとるね......<br>どこかに鍵、落ちとるといいけど......,......{0}、鍵かかってる......<br>どこかに鍵、落ちてるといいけど,ん......{0}、鍵かかっています......<br>どこかに鍵、落ちてませんかね......,あれ......{0}、鍵かかってる......<br>鍵！　鍵探さないと......ここで野垂れ死にたくない......
unlockOutside00,unlockOutside,-,default,I unlocked it with <button>{0}</button>. Okay......,<button>{0}</button>で鍵、開けました！,<button>{0}</button>で鍵、開けたよ！　やったね,<button>{0}</button>で鍵、開けたよー。よしよし,<button>{0}</button>で鍵、開けれた。よし,<button>{0}</button>で鍵、開けた。よし......,<button>{0}</button>で鍵、開けました！　よーし......,<button>{0}</button>で鍵、開けた！　野垂れ死に回避！
brokenOutsid00,brokenOutside,-,default,Huh...... {0} is broken....... I can't open it......<br>We'll have to find another way out......,あれ......{0}、壊れちゃってます.......開かない......<br>どこか、別の出口探すしかないですね......,あれ......{0}、壊れちゃってる.......？　開かなーい<br>どっか、別の出口探さなきゃだねー,うお......{0}、壊れちゃってるっぽい.......。開かないねー<br>どっか、別の出口探さなきゃかなー,お......{0}、壊れちゃってるっぽい.......。開かんね<br>どっか、別の出口探さんとね......,......{0}、壊れてる......開けられないな<br>どこか、別の出口探さないと,あれ......{0}、壊れちゃってます.......開けられませんね......<br>どこか、別の出口を探さないと......,あーれ......{0}、壊れちゃってるっぽい......？<br>どっか別の出口探さなないと......
confirmEnemyBoss00,confirmEnemyBoss,-,serious,There's something in here...... This could be bad......<br>Are we really going to <button>Go in</button>? Maybe we should <button>Go back</button>?,ここ......何かいそうです......やめといた方がいいかも......<br>ほんとに<button>入ってみます</button>？　<button>帰る</button>方がいいです......？,ここ......何かいるっぽい......やばそう......<br>ほんとに<button>入ってみる</button>？　<button>帰る</button>方がいい？,ここ......何かいるっぽいよ......やばいかも......<br>ほんとに<button>入ってみる</button>？　<button>帰る</button>？,ここ......何かおるね......やばい系かも......<br>ほんとに<button>入ってみる</button>？　<button>帰る</button>？,ここ......何かいるみたいだ。危険かもしれない......<br>本当に<button>入ってみる</button>？　<button>帰る</button>方がいい？,ここ......何かいるみたいです......危険な気配です......<br>本当に<button>入ってみます</button>？　<button>帰る</button>方がいいでしょうか？,ここ......何かいるかも......やばい気配......<br>ほ、ほんとに<button>入ってみる</button>っすか......？　<button>帰る</button>方がよくない......？　だめ......？
confirmEnemyBossSurvivor00,confirmEnemyBossSurvivor,-,serious,{0} is waiting in there......<br>Should we <button>Go in</button>? Or would it be better to <button>Go back</button>?,,,,,,,{0}がここで待ってる......はず......<br><button>入ってみる</button>？　<button>帰る</button>方がいいっすか？　あえて？
confirmEnemyBossSuccess00,confirmEnemyBossSuccess,-,default,Okay， let's go in......,じゃあ、入ってみます......,じゃあ、入ってみるよ......,じゃあ、入ってみるね......,じゃあ......入ってみる......,......入ってみる,それでは、入ってみます......,じゃ、じゃあ、入ってみるっす......ぴえん......
confirmEnemyBossFailed00,confirmEnemyBossFailed,-,doubt,......? I'm asking whether we should <button>Go in</button> or <button>Go back</button>......?,......？　<button>入る</button>か、<button>帰る</button>か、訊いてるんですけど......？,え？　<button>入る</button>か、<button>帰る</button>か、訊いてるんだけど？,えー？　<button>入る</button>か、<button>帰る</button>か、訊いてるんだけど？,えー？　<button>入る</button>か、<button>帰る</button>か、訊いとるんだけど？,......？　<button>入る</button>か、<button>帰る</button>か、訊いてるんだけど,......？　<button>入る</button>か、<button>帰る</button>か、訊いてるんですが......？,え、ええ......？　<button>入る</button>か、<button>帰る</button>か、訊いてるんすけど......？
confirmEnemyBossCancel00,confirmEnemyBossCancel,-,default,......Let's give up on this one......,......ここは諦めて、帰ります......,......ここは諦めよう......,ここはやめとこう,ここはやめとこ,......ここは、諦めよう,......ここは、諦めましょうか......,はい！　ここは諦めます！　戦略的撤退！
enemyWaiting00,enemyWaiting,-,serious,{0}'s looking around......,{0}、きょろきょろしてます......,{0}、きょろきょろしてるね......,{0}、なんか、きょろきょろしてるねー......,{0}、なんか、きょろきょろしとるねー......,{0}、ふらふらしてる......,{0}、きょろきょろしてます......,{0}、きょろきょろしてる......！
enemyCharging00,enemyCharging,-,serious,{0} looks like it's about to do something......!,{0}、何かしようとしてるみたいです......！,{0}、何かしようとしてる......！,{0}、何かしようとしてるっぽいね......！,{0}、何かしようとしとるっぽい......！,{0}、何かしようとしてるな......,{0}、何かしようとしてるみたいです......！,{0}、何かしようとしてるっぽいっす！　やだ！　むり！
enemySmashing00,enemySmashing,-,serious,What a hit......!,すごい一撃......！,すごい一撃......！,すごい一撃......！,がー......すんごい一撃......！,この一撃......重い......,凄まじい一撃......！,すごい一撃......！　ぐあああああ
enemyStealItem00,enemyStealItem,-,serious,Ah......!<br>{0} stole my <red>{1}</red>!,ああ......！<br>{0}に<red>{1}</red>盗まれちゃいました......！,おお......！<br>{0}に<red>{1}</red>盗まれちゃった！,おっと......！<br>{0}に<red>{1}</red>盗まれちゃったー,おぉ......<br>{0}に<red>{1}</red>、盗まれちゃった,あ......<br>{0}に<red>{1}</red>盗まれた......,あ......！<br>{0}に<red>{1}</red>盗まれちゃいました！,あ！<br>{0}に<red>{1}</red>盗まれた！　こいつ手癖悪い！　最低！
takeBackItems00,takeBackItems,-,serious,I got back what was stolen.,とられたもの、とり返しました！,とられたもの、とり返したよ！,とられたもの、とり返したよー,とられたもの、とり返したよ,とられたもの、とり返した,とられたもの、とり返しました！,とられたもの、とり返した！　まったくまったく......
safeLocation00,safeLocation,-,default,Looks like there's no one here...... Seems safe.,ここには誰もいないみたいです......<br>安全そう.......ほっ......,ここ、誰もいないっぽいね......安全確認、よし！,んー......ここは、誰もいないみたいだね<br>大丈夫そう、安全だよ,おー......？<br>......ここは、誰もおらんっぽい<br>安全よし！,ここ、誰もいないみたいだ......安全だと思う,ここ、誰もいないようですね......安全です,ここ、誰もいないっぽい！　安全かも！
arrivedLocation00,arrivedMapLocation,-,default,......So this is the {0} marked on the map.,......ここが地図に書いてあった{0}ですね,......ここが地図に書いてあった{0}だね！,......ここが地図に書いてあった{0}っぽいねー,......ここが地図の{0}っぽいね,......ここが地図に書いてあった{0}だ,......ここが地図に書いてあった{0}ですね,ここ、地図に書いてあった{0}っぽい！
arrivedPhotoLocation00,arrivedPhotoLocation,-,default,......So this is the {0} in the photo.,......ここが写真に写ってた{0}ですね,......ここが写真に写ってた{0}だね！,......ここが写真に写ってた{0}っぽいねー,......ここが写真に写ってた{0}っぽい,......ここが写真に写ってた{0}だ,......ここが写真に写っていた{0}ですね,ここ、写真に写ってた{0}っぽい！
confirmItemExchange00,confirmItemExchange,-,default,They're willing to trade <red>{0}</red> for my <red>{1}</red>...... What should we do?<br><button>Trade</button>? Or <button>Leave it</button>?,<red>{0}</red>と、わたしの<red>{1}</red>、交換してくれるらしいです......ど、どうします......？<br><button>交換</button>します？　<button>やめときます</button>？,<red>{0}</red>と、あたしの<red>{1}</red>、交換してくれるらしいよ。どーする？<br><button>交換</button>する？　<button>やめとく</button>？,<red>{0}</red>と、アタシの<red>{1}</red>、交換してくれるらしいけど......どーする？<br><button>交換</button>する？　<button>やめとく</button>？,<red>{0}</red>と、うちの<red>{1}</red>、交換してくれるらしい......どうする？<br><button>交換</button>しとく？　<button>やめとく</button>？,<red>{0}</red>と、私の<red>{1}</red>、交換してくれるらしい......どうしようか<br><button>交換</button>する？　<button>やめとく</button>？,<red>{0}</red>と、私の<red>{1}</red>、交換してくれるそうですけど......どうしましょう？<br><button>交換</button>します？　<button>やめときます</button>？,<red>{0}</red>と、うちの<red>{1}</red>、交換してくれるらしいんすけど......ど、どうしよう......<br><button>交換</button>する？　<button>やめとく</button>っすか......？
showProduct00,showProduct,-,default,If it's <button>{0}</button>， then for {1}......,<button>{0}</button>なら、{1}と......,<button>{0}</button>なら、{1}と......,<button>{0}</button>なら、{1}と,<button>{0}</button>なら、{1}と,<button>{0}</button>なら、{1}と......,<button>{0}</button>なら、{1}と......,<button>{0}</button>なら、{1}と......
confirmShopping00,confirmShopping,-,default,They'll trade for it.<br>I have <red>{0}</red> tubes of paint...... What should I do?<br>Or should I <button>Leave it</button>?,交換してくれるそうです......<br>今もってる絵具のチューブ、<red>{0}こ</red>ですけど......どうします？<br>それとも、<button>やめときます</button>？,交換してくれるんだって！<br>今もってる絵具のチューブ、<red>{0}こ</red>だけど、どうする？<br>それとも、<button>やめとく</button>？,交換してくれるってー<br>今もってる絵具のチューブ、<red>{0}こ</red>だけど、どーするー？<br>それとも、<button>やめとく</button>ー？,交換してくれるらしい<br>今もってる絵具のチューブ、<red>{0}こ</red>だけど、どうする？<br>それとも、<button>やめとく</button>？,交換してくれるらしい<br>今もってる絵具のチューブは、<red>{0}こ</red>......。どうする？<br>それとも、<button>やめとく</button>？,交換してくれるそうです<br>今もってる絵具のチューブ、<red>{0}こ</red>ですね......どうしましょう？<br>それとも、<button>やめときます</button>？,交換してくれるらしいっす<br>今もってる絵具のチューブ、<red>{0}こ</red>......どうしよう<br>や、<button>やめとく</button>......？
confirmShoppingMore00,confirmShoppingMore,-,default,Anything else? What should I do? <button>Leave it</button>?,他には、あります......？　もう、<button>やめときます</button>？,他は？　どする？　もー<button>やめとく</button>？,他はー？　どーする？　もう<button>やめとく</button>？,他は？　どーする？　もう<button>やめとく</button>？,他は？　どうする？　もう<button>やめておく</button>？,他は？　何かありますか？　もう<button>やめときます</button>？,他は？　もう<button>やめとく</button>っすか......？
shoppingSuccess00,shoppingSuccess,-,default,Got it. I'll trade for that.,はい、じゃあ、それ交換してもらいます......,おっけー！　じゃ、交換してもらおー,おっけーい。じゃあ、交換してもらおう,おけい。じゃあ、交換してもらっとく,わかった。じゃあ、それを交換してもらうよ,わかりました。それ、交換してもらいますね,わかった！　それ、交換してもらうっす！
shoppingFailed00,shoppingFailed,-,default,Don't I have anything I can trade for that......?,それ......交換できるもの、もってません......,それ、交換できるもの、もってなくない？,それ、交換できるもの、もってなくなーい？,それ、交換できるもん、もってなくない？,それ......交換できるもの、もってないよ,それ......交換できるものを持ってませんよね......,それ......こ、交換できるもの、もってないっす......
shoppingCountMax00,shoppingCountMax,-,default,Don't I already have that?,それ、もう持ってますよね......？,それ、もう持ってるよ？,それ、もう持ってるじゃん,それ、もう持っとるくない？,それ、もう持ってるから、いらないよ,それ、もう持ってませんか？,そ、それ、もう持ってるくないっすか......？
enterEnemyHouse00,enterEnemyHouse,-,serious,Whoa......!<br>The Infected are gathering here......!<br>We're surrounded......!,うわ......！<br>ここ、感染者が集まってます......！<br>囲まれちゃいました......うぅ......,おっと......！<br>ここ、感染者が集まってる......！<br>囲まれちゃったよ......,おーっと......<br>ここ、感染者が大集会してるよ......<br>囲まれちゃったねー......！,おーっと......？<br>ここ、感染者がうじゃうじゃだ......<br>いつの間にか囲まれとるね......,......！<br>ここ、感染者がたかってる......！<br>囲まれた......,わ......！<br>ここ、感染者がたくさんです......！<br>囲まれちゃいました......！,ぐわ......！<br>ここ、感染者が集まってる......！<br>囲まれた......！　やばい！　やめて！　痛いことしないで！
exitEnemyHouse00,exitEnemyHouse,-,serious,......Phew.<br>I guess that's it for now......,......はぁぁ<br>とりあえず、これで一段落みたいです......,......ふぅ！<br>とりあえず、これで一段落っぽい！,......ふー<br>とりあえず、これで一段落かなー,......ふー<br>とりあえず、これで一段落かね......,......ふぅ<br>とりあえず、これで一段落か......,......ふぅ<br>ひとまず、これで一段落のようです......,......ふぅ<br>とりあえず、これで一段落かな......
confirmEnterBaseCamp00,confirmEnterBaseCamp,-,default,It's spacious and looks safe here......<br>Should we bring the car here and <button>Set up camp</button>? Or <button>Leave it</button>?,ここ、広いし安全そうです......<br>ここに車もってきて、ここで<button>キャンプします</button>？　<button>やめときます</button>？,ここ、広いし安全そ！<br>ここに車もってきて、ここで<button>キャンプする</button>？　それとも、<button>やめとく</button>？,ここ、広いし安全そうだねー<br>ここに車もってきて、ここで<button>キャンプする</button>？　それとも、<button>やめとく</button>？,ここ、広いし安全そう<br>ここに車もってきて、ここで<button>キャンプする</button>？　それとも、<button>やめとく</button>？,ここ、広いし安全そうだ......<br>ここに車もってきて、ここで<button>キャンプする</button>？　<button>やめとく</button>？,ここ、広いし安全そうです......<br>ここに車もってきて、ここで<button>キャンプします</button>？　<button>やめときます</button>？,ここ、広いし安全そう！<br>ここに車もってきて、<button>キャンプする</button>っすか？　とりあえず<button>やめとく</button>？
enterBaseCamp00,enterBaseCamp,-,default,......Phew.<br>Okay， I'll drive the car over here.,......ふぅ<br>じゃあ、今夜はここで過ごしましょう......,......ふぅ<br>じゃ、ここをキャンプ地とする！,......ふぅ<br>じゃあ、ここに車もってこよー,......ふぅ<br>じゃあ、ここに車もってこよう,......ふぅ<br>じゃ、ここまで車運転してこよう,......ふぅ<br>では、ここまで車もってきましょうね,......ふぅ<br>じゃ、ここまで車運転してこよー
leaveBaseCamp00,leaveBaseCamp,-,default,Let's skip this place.,ここはやめときますね,ここはやめとこっかー,やめとこっかー,やめとこっか,ここはやめとこうか,ここはやめときましょうか,ここはやめとくっす！
selectionTakePhoto00,selectionTakePhoto,-,default,Taking a picture?<br>Let's see...... I can see {0} in the distance. Which one should I take? Or should I <button>Skip it</button>?,写真撮るんですか......？<br>えーと......遠くに{0}が見えますけど、どれにします？　それとも、<button>やめときます</button>？,お！　写真撮るの？<br>うーんとね......遠くに{0}が見えるけど、どれにする？　それとも、<button>やめとく</button>？,写真撮るのー？<br>えーと......遠くに{0}が見えるけど、どれ撮るー？　それとも、<button>やめとく</button>？,写真撮るん？<br>あーっと......遠くに{0}が見えとるけど、どれ撮るん？　それとも、<button>やめとく</button>？,写真？<br>......遠くに{0}が見えるけど、どれ撮る？　それとも、やっぱり<button>やめとく</button>？,写真撮るんですか？<br>ええと......遠くに{0}が見えますね。どれ撮りましょう？　それとも、やっぱり<button>やめときます</button>？,え、写真撮る？<br>えーと......遠くに{0}が見えるけど、どれを......？　それとも、やっぱ<button>やめとく</button>っすか......？　あんま自信ないっすけど......
takePhoto00,takePhoto,-,default,Okay.<br>......Got the picture.,わかしました<br>......写真、撮りました,任せて！<br>......撮っといたー,おっけーい<br>......撮っといたよー,おけい<br>......撮っといた,わかった<br>......写真、撮ったよ,はい！<br>......写真、撮りました！,わ、わかったっす！　やるしかない......<br>......<br>......写真、撮っといたっす。芸術性は求めないでほしい！
takePhotoCancel00,takePhotoCancel,-,default,Got it. I'll skip it.,わかりました、やめときます,えー？　そっかー<br>じゃあ、やめとくー,おっけー。やめとこ,おっけー。やめとく,わかった。やめとこう,わかりました。やめときましょう,はい！　撮りません！　センスないし！
takePhotoNoFilm00,takePhotoNoFilm,-,default,Huh? Don't we have any film?,えと......フィルム、持ってないです......,えー？　カメラはあるけど、フィルムがないよー,んー？　フィルム持ってないんだなー,んー？　フィルム持っとらんね,......？　フィルム、持ってないよ,え？　フィルムがないみたいですけど......,え......フィルム、持ってなくないっすか......？　ご、ごめんなさい......
confirmUseHeal00,confirmUseHeal,-,default,......It hurts a little......<br>Can I <button>Use</button> {0}? <button>Not</button>?,うう......<br>あの......{0}、<button>使って</button>もいいです......？　<button>だめ</button>ですか......？,いたいなー......<br>{0}、<button>使っちゃって</button>もいい？　<button>だめ</button>ー？,うーん......痛む......<br>{0}、<button>使って</button>もよい？　<button>だめ</button>？,うー......痛む......<br>{0}、<button>使って</button>いい？　<button>だめ</button>かね,......ちょっと痛む......<br>{0}、<button>使って</button>いい？　<button>だめ</button>？,......ちょっと痛みますね......<br>{0}、<button>使って</button>もいいです？　<button>だめ</button>でしょうか？,......ちょっと痛むかも......<br>{0}、<button>使って</button>もいいっすか......？　だ、<button>だめ</button>......？
confirmUseFood00,confirmUseFood,-,default,I'm hungry......<br>Can I <button>Eat</button> {0}? <button>Not</button>?,えーと......<br>{0}、<button>食べて</button>もいいです......？　<button>だめ</button>ですか......？,お腹空いたー！<br>{0}、<button>食べて</button>いーい？　<button>だめ</button>ー？,お腹、空いたなー<br>{0}、<button>食べて</button>いい？　　<button>だめ</button>？,お腹空いてきた......<br>{0}、<button>食べて</button>よい？　　<button>だめ</button>かね,お腹空いた......<br>{0}、<button>食べて</button>いい？　<button>だめ</button>？,お腹空いちゃいました......<br>{0}、<button>食べて</button>もいいでしょうか？　<button>だめ</button>です......？,お、お腹空いたなー......とか......言ってみたり......<br>......{0}、<button>食べて</button>もいいっすか？　だ、<button>だめ</button>......？
searchNextDestination00,searchNextDestination,-,default,Well......,えと......,さーて！,さてさて......,はて......,......さて,さて......,さてさてさて......
findNextDestination00,findNextDestination,-,default,About {0} places ahead， there's {1}......,{0}件くらい先に、{1}と......,{0}件くらい先に、{1}と......,{0}件くらい先に、{1}と......,{0}件くらい先に、{1}と......,{0}件くらい先に、{1}と......,{0}件くらい先に、{1}と......,{0}件くらい先に、{1}と......
findNextDestinationLast00,findNextDestinationLast,-,default,I can see {1} about {0} places ahead......,{0}件くらい先に、{1}が見えます......,{0}件くらい先に、{1}が見えるねー,{0}件くらい先に、{1}が、見えるけど......,{0}件くらい先に、{1}が、見えとるけど......,{0}件くらい先に、{1}が見える......,{0}件くらい先に、{1}が見えますね......,{0}件くらい先に、{1}が見えるっす......
checkNextDestination00,checkNextDestination,-,default,Where should we head?,どこ目指してみます......？,どこ、目指してみる？,どこ目指してみるー？,どこ目指しとく？,どこ、目指してみる？,どこ目指してみましょう？,どこ目指してみるっすか......？
arrivedNextDestination00,arrivedNextDestination,-,default,So this is the {0} we were aiming for......,ここが、目指してた{0}ですね......,ここが、目指してた{0}だねー,ここが、目指してた{0}っぽいねー,ここが目指しとった{0}っぽいねー,ここが、目指してた{0}だ......,ここが、目指してた{0}ですね......,ここが、目指してた{0}っぽい！
fishingAvailable00,fishingAvailable,-,default,Looks like we could fish here......<br>If we had a fishing rod or something......,あ......ここ、釣りできそうです......<br>釣り竿とかあれば......,お！　ここ、釣りできそう！<br>釣り竿とかあれば！,ここ、釣りできそうだね<br>釣り竿とか、あればだけど......,ここ、釣りできそう<br>釣り竿とか、あればね......,ここ、釣りできそう......<br>......釣り竿とかあれば,ここ、釣りできそう.です..<br>釣り竿とか、あったら、ですけど......,ここ、釣りできるかも！<br>釣り竿とかあれば！<br>あと、うちにセンスがあれば！
fishingStart00,fishingStart,-,default,I'll try fishing......<br>......<br>............<br>........................,釣り、してみます......<br>......<br>............<br>........................,釣り、してみるよ！<br>......<br>............<br>........................,釣り、してみるよ<br>......<br>............<br>........................,釣り、やってみよ<br>......<br>............<br>........................,釣りしてみる......<br>......<br>............<br>........................,釣り、してみます......<br>......<br>............<br>........................,釣り、してみるっす......釣れなくても怒らないで......<br>......<br>............<br>........................
fishingSuccess00,fishingSuccess,-,default,Oh......<br>I caught <button>{0}</button>.<br>Nice.,わ......<br><button>{0}</button>が釣れました......！<br>すごい元気......,お......！<br><button>{0}</button>が釣れた！<br>やったー！,お......<br><button>{0}</button>が釣れたー<br>やったねー,お......<br><button>{0}</button>が釣れたー<br>やったー,お......<br><button>{0}</button>が釣れた<br>よし,あ......！<br><button>{0}</button>が釣れました！<br>楽しい！,おおお......！<br><button>{0}</button>が釣れた！<br>天才かも！　うち！
fishingSuccessGarbage00,fishingSuccessGarbage,-,default,Ah......<br>I caught <button>{0}</button>......<br>......Well， might as well pick it up......,あ......<br><button>{0}</button>が釣れました......<br>......拾っときますね,あ......<br><button>{0}</button>、釣れた！<br>拾っとこ！,あ......<br><button>{0}</button>、釣れたー<br>拾っとこー,あ......<br><button>{0}</button>、釣れたー<br>拾っとこう,あ......<br><button>{0}</button>、釣れた......<br>......まぁ、拾っておこう,あ......<br><button>{0}</button>、釣れました！<br>......これも、もらっていきましょうね,あ......<br><button>{0}</button>、釣れた......<br>......ま、まぁ、拾っとこっかな......
fishingFailed00,fishingFailed,-,default,Hmm......<br>Nothing's biting......<br>Let's call it a day......,うーん......<br>なんにも釣れないです......<br>このくらいにしときますね......,んー......<br>なんも釣れないねー<br>くやしーけど、このくらいにしとこっかー,んんー......<br>なんも釣れないなー<br>ま、このくらいにしとこっかー,んー......<br>なんも釣れんなー<br>ま、こんくらいにしとこっか,......<br>何も釣れないな......<br>このくらいにしておこう,うーん......<br>釣れません......<br>このくらいであきらめましょう......,......<br>なんも釣れない......<br>センスないかも......ぴえん......
itemCraft00,itemCraft,-,default,Let's see......<br>......<br>............<br>Okay.<br>I made <button>{0}</button>.,えと......<br>......<br>............<br>よし......<br><button>{0}</button>、つくりました......,よっと..<br>......<br>............<br>よし！<br><button>{0}</button>、つくったよ！,よいしょっと......<br>......<br>............<br>よーし<br><button>{0}</button>、つくったよー,よいしょっと......<br>......<br>............<br>よーし<br><button>{0}</button>、つくったよー,......<br>............<br>......よし<br><button>{0}</button>、つくった,ええと......<br>......<br>............<br>よし<br><button>{0}</button>、つくりました！　完成です,え、えっと......<br>......<br>............<br>よし！<br><button>{0}</button>、できた！　我ながらセンスある！　天才！
selectionCraft00,selectionCraft,-,default,Hmm......<br>Looks like I could make something with {0}.<br>What should I make? Or <button>Leave it</button>?,えーっと......<br>{0}なら、つくれそうですけど......<br>どれつくります？　<button>やめときます</button>？,んーと！<br>{0}なら、つくれそうだけど<br>どれつくるー？　それとも<button>やめとく</button>？,んー......<br>{0}なら、つくれそうだけど<br>どれつくる？　<button>やめとく</button>？,あー......<br>{0}なら、つくれそうかもだけど<br>どれつくっとく？　<button>やめとく</button>？,そうだな......<br>{0}なら、つくれそうだ<br>どれつくる？　<button>やめとく</button>？,うーん......<br>{0}なら、つくれそうです！<br>どれつくりましょう？　それとも<button>やめときます</button>？,えー......<br>{0}なら、つくれそうかも！<br>どれつくるっすか？　とりあえず<button>やめとく</button>？
selectionCraftFailed00,selectionCraftFailed,-,default,Hmm......<br>Looks like I could make something， but I don't think I have the right materials......,うーん......<br>何かつくれそうですけど、手持ちの材料じゃ難しいですかね......,んー<br>何かつくれそうだけど、手持ちの材料じゃ難しそうかなー,んんー......<br>何かつくれそうだけど、手持ちの材料じゃ難しいかなー,んんー......<br>何かつくれそうかもだけど、手持ちの材料じゃムズイねー,そうだな......<br>何かつくれそうだけど、手持ちの材料じゃ厳しいな,うーん......<br>何かつくれそうなんですけど、手持ちの材料じゃ、ちょっと難しいですね......,えー......<br>何かつくれそうだけど、手持ちの材料じゃ難しいっす......す、すいません......許して......
itemAddAccessory00,itemAddAccessory,-,default,I used {1} on {0}.,{0}に、{1}、使いました！,{0}に、{1}、使ったよ！,{0}に、{1}、使ったー,{0}に、{1}、使ったよ,{0}に、{1}、使った,{0}に、{1}、使いました！,{0}に、{1}、使った！
itemAddVariable00,itemAddVariable,-,default,I used {1} on {0}.,{0}に、{1}、使いました！,{0}に、{1}、使ったよ！,{0}に、{1}、使ったー,{0}に、{1}、使ったよ,{0}に、{1}、使った,{0}に、{1}、使いました！,{0}に、{1}、使った！
selectionTargetItem00,selectionTargetItem,-,default,Let's see......<br>Looks like I could use it on {0}. What should I do? <button>Leave it</button>?,えと......<br>{0}になら使えそうです......どうします？　<button>やめときます</button>？,んーっと......<br>{0}になら使えそうだけど、どうするー？　<button>やめとく</button>？,んー......<br>{0}になら使えそうだけど、どーする？　<button>やめとく</button>？,えー......<br>{0}になら使えそう、かな。どうする？　<button>やめとく</button>？,あー......<br>{0}になら使えそう。どうする？　<button>やめとく</button>？,えーと......<br>{0}になら使えそうです。どうします？　<button>やめときます</button>？,え、ええと......<br>{0}になら使えるかもっす......いったん<button>やめとく</button>......？
selectionTargetItemFailed00,selectionTargetItemFailed,-,default,Let's see......<br>I don't think I can use it on anything I have.,えと......<br>手持ちのものには、使えそうにない、ですかね......,んーっと......<br>手持ちのものには、使えそうにない、かな？,んー......<br>手持ちのものには、使えそうにないかなー,えー......<br>手持ちのものには、使えそうになくない？,あー......<br>手持ちのものには、使えないと思う,えーと......<br>手持ちのものには、使えそうにない、ですかね？,え、ええと......<br>手持ちのものには、使えそうにない......かな......？<br>う、うち、悪くないよね......？
confirmUnequip00,confirmUnequip,-,default,{0}...... I'm already equipped with it.<br><button>Keep it</button> As is? Or <button>Take it off</button>?,{0}......あの、もう装備してます......<br><button>このまま</button>でいいです？　それとも<button>はずします</button>か？,{0}......もう装備してるよ？<br><button>このまま</button>でい？　それとも<button>はずす</button>？,えー？　{0}、もう装備してるけど？<br><button>このまま</button>でいい？　それとも<button>はずす</button>ー？,え......{0}、もう装備しとるけど？<br><button>このまま</button>でよい？　それとも<button>はずす</button>ってこと？,{0}......もう装備してるけど<br><button>このまま</button>？　それとも、<button>はずす</button>？,{0}......もう装備してますよ<br><button>このまま</button>でいいです？　それとも、<button>はずします</button>？,{0}......も、もう装備してるっす......<br><button>このまま</button>でいいってこと......？　それとも、<button>はずす</button>ってこと......？
inaudible00,inaudible,-,default,Huh......<br>Did you hear that?,え......<br>そんなの聞こえました......？,え？<br>そんなの聞こえた？,えー<br>そんなの聞こえたー？,ん......<br>そんなの聞こえた？,......<br>そんなの聞こえた？,え......<br>そんなの聞こえました？,え......<br>そんなの聞こえた......？
inaudible01,inaudible,-,default,......<br>Was that just my imagination......?,......<br>幻聴、かも、しれないです......？,うーん<br>幻聴じゃなーい？,......<br>幻聴じゃない？,......<br>幻聴では..？,......<br>......幻聴じゃない？,......<br>幻聴じゃないよね......？,......<br>げ、幻聴では......？
inaudible02,inaudible,-,default,Hmm......<br>I feel like I heard something， but maybe I didn't......,ええと......<br>聞こえたような、聞こえてないような......？,うーん......<br>聞こえたような、聞こえてないような？,うーん......<br>聞こえたような、聞こえてないような,んー......<br>聞こえたような、聞こえてないような......,......<br>聞こえたような、聞こえてないような,うーん......<br>聞こえたような、聞こえてないような......？,うーん......<br>聞こえたような、聞こえてないような......？
inaudible03,inaudible,-,default,......?<br>Did you hear that......?,......？<br>そんなの、聞こえました......？,？<br>そんなの、聞こえた？,えー？<br>そんなの、聞こえた？,？<br>そんなの、聞こえた......？,......？<br>そんなの、聞こえた？,......？<br>そんなの、聞こえましたか......？,......？<br>そんなの、聞こえた......？
inaudible04,inaudible,-,default,......I feel like I heard something，<br>but maybe it was just my imagination......,......そんな気もします、けど<br>空耳のような気も......,そんな気もするけど......<br>空耳のような気もする！,......そんな気もするけど<br>空耳のような気もする......なー,......そんな気もするけど<br>空耳のような気もするね,......そんな気もするけど<br>空耳のような気もする,......そんな気もしますけど<br>空耳のような気もしますね......,......そんな気もするけど<br>空耳のような気も......
earlyExit00,earlyExit,-,sad,......<br>......Sorry.<br>Today...... I'm done.<br>......I wanna go home.,......<br>ごめんなさい......<br>今日は......<br>もう......帰らせてください......,......<br>......ごめん<br>今日は......<br>......もう、帰る,......<br>......ごめん<br>今日は......<br>......もう、帰らせて,......<br>......ごめん<br>今日は......<br>......帰るよ,......<br>......ごめん<br>今日は......もう<br>......帰らせて,......<br>......ごめんなさい<br>今日は......もう<br>......帰らせてください,......<br>......ごめん<br>今日は......もう<br>......帰らせて
confused00,confused,-,sad,......<br>............<br>......No.<br>Sorry.<br>......It's nothing.<br>......,......<br>............<br>......いえ<br>ごめんなさい<br>......なんでもないです<br>......,......<br>......ごめん<br>......<br>......なんでも、ない,......<br>............<br>......ううん<br>ごめん<br>......なんでもないよ<br>......,......<br>............<br>......ううん<br>ごめん<br>......別に、なんでもない<br>......,......<br>............<br>......いや<br>ごめん<br>......なんでもない<br>......,......<br>............<br>......いえ<br>ごめんなさい<br>......なんでもないです<br>......,......<br>............<br>......ううん<br>ごめん<br>......なんでもないっす<br>......
confused01,confused,-,sad,......<br>......Hey......<br>......<br>Actually......<br>......Never mind.<br>......,......<br>......あの<br>......<br>いえ<br>......ごめんなさい<br>......,......<br>......あのさ<br>......<br>あー......<br>やっぱ、なんでもない<br>......,......<br>......あー<br>......<br>うーん......<br>や、なんでもない<br>......,......<br>......ええと<br>......<br>うーん......<br>や、なんでもない<br>......,......<br>......ねぇ<br>......<br>......ううん<br>なんでもない<br>......,......<br>......あの<br>......<br>......ううん<br>なんでもないです<br>......,......<br>......ねぇ<br>......<br>やっぱり<br>......や、いいや<br>......
confused02,confused,-,sad,......<br>............<br>......Haaah.<br>......,......<br>............<br>......ふぅ<br>......,......<br>............<br>......あーあ<br>......,......<br>............<br>......はぁあ<br>......,......<br>............<br>......はぁ<br>......,......<br>............<br>......はぁ<br>......,......<br>............<br>......ふぅぅ<br>......,......<br>............<br>......はぁぁぁぁ<br>......
useTrap00,useTrap,-,default,{0}'s setting something up......<br>......<br>............<br>........................<br>Okay.<br>That should do it.,{0}、仕掛けてみます......<br>......<br>............<br>........................<br>よ、よし......<br>これで、もう大丈夫です,{0}、仕掛けてくるね！<br>......<br>............<br>........................<br>よーし！<br>これで、もう大丈夫,{0}、仕掛けてくるー<br>......<br>............<br>........................<br>よーし<br>これで、もう大丈夫,{0}、仕掛けてくるよ<br>......<br>............<br>........................<br>これで、もう大丈夫でしょ<br>ヨシ！,{0}、仕掛けてくる<br>......<br>............<br>........................<br>よし<br>これで、もう大丈夫,{0}、仕掛けてきますね<br>......<br>............<br>........................<br>よし<br>これで、もう大丈夫です,{0}、仕掛けてくるね<br>......<br>............<br>........................<br>よし<br>これで、もう大丈夫
requireFuel00,requireFuel,-,default,Hmm......<br>We can get out， but we need to find <red>fuel for the car</red> first......,んー......<br>外出られますけど......<red>車の燃料</red>、探しておいた方が......,んー......<br>外出られるけど、<red>車の燃料</red>、探した方がよくなーい？,んー......<br>外出られるけど、<red>車の燃料</red>ないと車動かせないよ,んー......<br>外出られるけど、<red>車の燃料</red>、探さないとじゃない？,ん......<br>外出られるけど、<red>車の燃料</red>が必要だ,んー......<br>外出られるけど、<red>車の燃料</red>がないといけませんよね......,んー......<br>外出られるけど、<red>車の燃料</red>、探さないとっす......
exchangeItem00,exchangeItem,-,default,Let's see......<br>I'll put away <red>{0}</red>......<br>I'll put <button>{1}</button> in my bag.,えと......<br><red>{0}</red>をしまって......<br><button>{1}</button>、荷物に入れときます！,えーと......？<br><red>{0}</red>、しまった！<br><button>{1}</button>、荷物に入れとく！,んーっと......<br><red>{0}</red>をしまって......<br><button>{1}</button>、荷物に入れとくよ,んー......<br><red>{0}</red>、しまって......<br><button>{1}</button>、荷物に入れとく,えーと<br><red>{0}</red>をしまって<br><button>{1}</button>、荷物に入れとくから,えーと......？<br><red>{0}</red>をしまって......<br><button>{1}</button>、荷物に入れときますね,こそこそ......<br>えーと......<red>{0}</red>、いただいて......<br>代わりに<button>{1}</button>、入れとこ......<br>こそこそ......<br>ばれませんよーに......
-,,,,,,,,,,,
