id,name<jpn>,rarity,speakId,hp,stamina,speed,atk,def,skills[],skillConditionScenario[],callObject,favoriteFood,dislikeFood,image,defaultCostume[],costumeConditionScenario[]
natsuno,Natsuno,1,natsuno,100,60,2,8,4,chatty,-,search00,rice,-,survivor00,default,-
kiko,Kiko,1,kiko,70,40,1.5,7,1,courage/timidity,kiko2-1/-,search00,vegetable,egg,survivor01,default,-
shino,Shino,1,shino,120,60,2.5,5,5,curiosity,-,search00,egg,vegetable,survivor02,default,-
akane,Akane,1,akane,150,70,1.5,5,3,easy-going,-,search00,meat,vegetable,survivor03,default,-
meguru,Meguru,1,meguru,70,60,1.5,4,1,collector,-,search00,meat,rice,survivor04,mask/default,-/meguru2-4
minamo,Minamo,1,minamo,140,80,3,10,3,swordsman,-,search00,meat,bread,survivor05,default,-
itsuka,Itsuka,1,itsuka,100,50,2,7,6,tidy,-,search00,egg,vegetable,survivor06,default,-
hinase,Hinase,1,hinase,80,60,1.5,5,2,crafter,-,search00,vegetable,meat,survivor07,default,-
-,,,,,,,,,,,,,,,,
