id,_chapter<jpn>,chapter<eng>,_storyTitle<jpn>,storyTitle<eng>,_storyOutline<jpn>,storyOutline<eng>,_storyTarget<jpn>,storyTarget<eng>
main0-1,-,-,-,-,-,-,-,-
main0-2,-,-,-,-,-,-,-,-
main0-3,-,-,-,-,-,-,-,-
main0-4,-,-,-,-,-,-,-,-
main0-5,-,-,-,-,-,-,-,-
main0-6,プロローグ,Prologue,知らない夏の少女,The Unknown Summer Girl,未知のウイルスにより、人々は意思をもたぬ怪物となり、世界は崩壊した──そう語る少女。でも、現実の世界でそんな感染症は起きていない。<br><br>彼女の言うことは本当なのか？　だとしたら、彼女はどこにいるのか？<br>今は、この古臭いコンピュータを通して、彼女の話し相手になってやるくらいしかできることはないけれど......。,"An unknown virus turned people into mindless monsters, and the world collapsed. But no such epidemic has actually occurred in the real world. <br><br>Is what she’s saying true? If so, where is she? <br>For now, all I can do is talk to her through this outdated computer...",探索して物資と情報を収集する,Explore to gather information and supplies
main1-1,エピソード 1 - 1,Episodes 1 - 1,感染した男,The Infected Man,探索に向かった先で、感染した男と出会った。<br>意識ははっきりしていたし、会話することもできたけれど、様子がおかしかった。<br>彼が断末魔の叫びを上げて、彼の腹を食い破るように、携帯端末が出てきた。<br>まるで、彼の中からたった今産まれたみたいに......<br>あるいは、彼自身が携帯端末になってしまったみたいだと、そう思った。,"While out exploring, I came across an infected man. <br> He was fully conscious and able to hold a conversation, but something about him seemed off. <br> He let out a death cry, and a mobile device burst out of his stomach as if it were tearing through him. <br> It was as if it had just been born from inside him... <br> Or perhaps, I thought, he himself had turned into the mobile device.",探索して物資と情報を収集する,Explore to gather information and supplies
main1-2,エピソード 1 - 2,Episodes 1 – 2,山の中のキャンプ,Camping in the Mountains,人の消えた町で偶然出会った女性、アカネに案内されて山の中に分け入れば、そこには人がいて、物があって、真ん中で焚き火が燃えていた。廃倉庫を利用したキャンプだった。<br><br>彼女はスマホのことを話さなかった。そのことを喜んでいいのかよくわからないけれど、これからも話ができると思うと、少しほっとした。,,キャンプの人々に協力する,Help the people at the camp
main1-3,エピソード 1 - 3,Episodes 1 – 3,世の中のこと,Things in the World,ずっと遠いところの話を聞いているみたいだった。<br><br>本当に、ずっと遠いところなのかもしれない。なんでもない話をしている間、彼女たちはどこにでもいる女の子なのに、それでも、生きている世界はあまりにも違う。<br><br>そのことをどんな風に考えたらいいのか、まだはっきりしない。,"It felt like listening to a story from a place impossibly far away.<br><br>Maybe it really is that far away. While talking about ordinary things, they seemed like girls you could meet anywhere, yet the worlds they lived in were so completely different.<br><br>I still don’t know what to make of that.",キャンプの人々に協力する,Help the people at the camp
main1-4,エピソード 1 - 4,Episodes 1 – 4,懐かしい景色,A Nostalgic View,海を見て、懐かしいと思う。<br>でも、もう二度と見ることはできないだろう──そんな悲しさが、彼女の言葉の端に見えた。<br><br>彼女自身、まだそれをどう受け入れていいのかわからないでいるらしい。どうしようもなく現実がやってきて、多くを奪っていったのだと思った。,"She looked at the sea and said it felt nostalgic.<br>But there was a sadness in the edges of her words, as if she knew she might never see it again.<br><br>It seemed she still didn’t know how to accept it herself. Reality had come without mercy and taken so much away from them.",キャンプの人々に協力する,Help the people at the camp
main1-5,エピソード 1 - 5,Episodes 1 – 5,変わらないこと,What Remains the Same,仕事のこととか、恋のこととか。そんな話をしている間、彼女たちはなんでもない、ただの女の子だった。<br><br>こんなことになっても、そういう日常は消えてなくならないのだと思った。ほっと安心できるようでもあったし、何やら空恐ろしい感じもした。<br>笑いあっている間も、世の中は変わらず、狂っている。,"They talked about work, about love, and things like that. While they talked, they were just ordinary girls.<br><br>Even after everything that happened, I realized that kind of everyday life doesn’t simply disappear. It was reassuring somehow, yet there was something frightening about it too.<br>Even while they laughed together, the world remained unchanged—still broken.",キャンプの人々に協力する,Help the people at the camp
main1-6,-,-,-,-,-,-,-,-
main1-7,-,-,-,-,-,-,-,-
main1-8,エピソード 1 - 6,Episodes 1 - 6,一人になって,Alone Again,キャンプが襲われた。あの和やかだった場所も、安全ではなかった。安全な場所なんて、たぶん、どこにもない。<br><br>彼女はまた一人で旅を続ける。目的地なんてないだろう。同じ場所に留まってはいずれ物が尽きるというだけで、運転する車に目指すところはない。<br><br>それでも、生きるために旅をしなければならない。,"The camp was attacked. Even that peaceful place wasn’t safe. Maybe there is nowhere safe anymore.<br><br>She continues her journey alone again. There probably isn’t a destination. If she stays in one place, her supplies will eventually run out, and the car she drives has nowhere in particular to go.<br><br>Even so, she has to keep traveling to stay alive.",生き延びる,Survive
main2-1,エピソード 2 - 1,Episodes 2 - 1,一人旅,Traveling Alone,一人でいることに慣れてしまった──そう言った彼女が、嘘をついているようには見えなかった。<br>あまりに真っ直ぐな言葉に、どう返事をしていいかわからなかった。<br><br>忘れてしまっていい、と、そう言うときでさえ、彼女は悲しそうに見えなかった。<br>ただ、慣れてしまうことだけを悲しんでいた。,"She said she had gotten used to being alone—and she didn’t seem to be lying.<br>Her words were so direct that I didn’t know how to answer.<br><br>Even when she said that it was okay to forget, she didn’t look sad.<br>She was only sad that she had gotten used to it.",生き延びる,Survive
main2-2,エピソード 2 - 2,Episodes 2 - 2,再会,Reunion,思わぬ再会だった。まるで奇跡みたいな。<br>ちゃんと生きている人の方が見つけにくいこの世界では、奇跡なんて言葉も全然大げさじゃない。<br><br>第三者と話をして、改めて起きていることの異常さに気づく。このコンピュータは、いったいどこと通信しているのだろう。,"It was an unexpected reunion. Almost like a miracle.<br>In a world where finding someone who is truly alive is harder than it should be, “miracle” hardly seems like an exaggeration.<br><br>Talking to someone from outside made me realize again just how strange everything that was happening really was. Where in the world was this computer communicating with?",キャンプの人々に協力する,Help the people at the camp
main2-3,エピソード 2 - 3,Episodes 2 - 3,アンテナ,Antennas,アンテナの生えた人間を見た。金属に寄生されたみたいに、身体から鉄のアンテナが生えていた。<br><br>キャンプで暮らしているのは、パンデミックの調査のために集められた研究者たちらしい。彼女たちが調べたところでは、このパンデミックに、原因となるウイルスや細菌はいない。なら、何が原因で、人からアンテナが生えるというのか？,"I saw a person with an antenna growing out of them. An iron antenna protruded from their body as if they had been parasitized by metal.<br><br>The people living at the camp are apparently researchers who gathered there to investigate the pandemic. According to what they have found, there is no virus or bacteria causing it. Then what could possibly be making antennas grow out of people?",キャンプの人々に協力する,Help the people at the camp
main2-4,エピソード 2 - 4,Episodes 2 - 4,語りかけられて,A Voice Calling Out,感染者から摘出したアンテナを回路に繋いでみれば、何かしらの信号を受信していた。感染者から取り出したほかの品も似たような信号を発することがあるらしい。<br><br>誰かが語りかけている──アカネはそんな想像を語った。語りに応えようとして、人々の身体が狂っていく。<br>なら、語っているのは、誰だろう？,"When they connected an antenna removed from an infected person to a circuit, it received some kind of signal. Apparently, other things removed from infected people can emit similar signals as well.<br><br>Someone is trying to communicate—Akane imagined. People’s bodies are changing as they try to answer that call.<br>Then who is the one doing the calling?",キャンプの人々に協力する,Help the people at the camp
main2-5,-,-,-,-,-,-,-,-
main2-6,-,-,-,-,-,-,-,-
main2-7,エピソード 2 - 5,Episodes 2 - 5,意識と身体,Mind and Body,誰かが語りかけている？<br>いったい誰が語りかけているというのだろう。誰、と問えるような存在ではないかもしれない。宇宙のどこかの星が爆発して、その余波が人の身体を狂わせている、とか。<br><br>そもそも、そんなもので人の身体がおかしくなるだろうか。<br>考えたって、何もかも想像でしかない。,"Someone is trying to communicate?<br>Who could possibly be speaking to them? Maybe it isn’t even something you could call “someone.” Maybe a star somewhere in the universe exploded, and its aftereffects are driving human bodies mad.<br><br>But could something like that really affect the human body?<br>Whatever I think about it, it’s all just speculation.",生き延びる,Survive
main2-8,エピソード 2 - 6,Episodes 2 - 6,失踪,Disappearance,ウイルスのせいじゃないとか、語りかけられているとか、宇宙人とか。<br>そんな話をしている最中に、突然姿を消した。<br>こんな状況では、町に出たまま戻ってこないなんて珍しいことではないのかもしれない。けれど、行き先も告げずに出て行ったというなら、何か事情があるのかもしれない──<br><br>そんな風に考えるのは、都合がよすぎるだろうか。,"Not a virus. Someone trying to communicate. Aliens...<br>She suddenly disappeared while we were talking about things like that.<br>In a world like this, maybe it isn’t unusual for someone to go into town and never come back. But if she left without even saying where she was going, maybe there was a reason—<br><br>Or am I just thinking that because I want it to be true?",探しに出かける,Set out to search
main3-1,エピソード 3 - 1,Episodes 3 - 1,彼女の思い,Her Feelings,憶えてる？　──彼女にそう言われて、彼女と初めて出会ったときのことを思い出した。<br>もちろん、忘れたことは一度もない。けれども、思い返してみれば、ずいぶん遠い昔のことのようだった。いつの間にか、こうしてコンピュータの前で彼女と話をすることが当たり前になっていて。<br><br>でも、どうしてか、彼女にそんな気持ちを伝えることはできなかった。,"“Do you remember?” she asked, and I remembered the first time we met.<br>Of course I had never forgotten. And yet, looking back, it felt like it had happened so long ago. Somehow, talking to her in front of this computer had become an ordinary part of my life.<br><br>But for some reason, I couldn’t bring myself to tell her how I felt about that.",生き延びる,Survive
main3-2,-,-,-,-,-,-,-,-
main3-3,エピソード 3 - 2,Episodes 3 - 2,一人になる,Being Alone,彼女は一人になった。自ら望んで。<br>そのわけを、彼女は説明してくれなかったし、問うこともできなかった。<br>いつか、説明すると彼女は言う。何かを企んでいるわけでも、隠し事をしているわけでもない。きっと、本当に、彼女自身整理がつかないのだろう。<br><br>そう思おうとしても、どうしてか、心は静かにならなかった。,"She was alone. By her own choice.<br>She didn’t explain why, and I couldn’t bring myself to ask.<br>She said she would explain someday. She wasn’t plotting anything, and she wasn’t keeping a secret. Surely she simply hadn’t been able to sort it out for herself yet.<br><br>Even when I tried to tell myself that, I couldn’t calm down.",旅を続ける,Continue the journey
main3-4,エピソード 3 - 3,Episodes 3 - 3,あなたのこと,About You,普段どんなことをしているの、とか、そんなことを訊かれた。<br>応えようとして、だけど一瞬、考えなければならなかった。彼女と話をしているとき、自分の日々の暮らしのことは忘れている。彼女の生きる世界に入り込んだみたいに、一緒に旅しているような気になっている。<br><br>そんなことを言ったら、彼女は、どんな顔をするだろう。,"She asked what I usually did and things like that.<br>I tried to answer, but for a moment, I had to think. When I’m talking to her, I forget about my own everyday life. It feels like I’ve stepped into the world she lives in, like I’m traveling alongside her.<br><br>I wonder what face she would make if I told her that.",旅を続ける,Continue the journey
main3-5,エピソード 3 - 4,Episodes 3 - 4,再会とラジオ,Reunion and the Radio,偶然とか、運命というものについて、思わず考えてしまった。<br>突然再会した彼女は、手にラジオをもっていた。人から生まれ出てきたというラジオ。いったいどうして、人からラジオが出てくるというのだろう。いったいどうして──彼女は、そんなものを求めて、一人でさ迷ったというのだろう。<br><br>何か、まだ明かされていないことが、たくさんありそうだった。,"I couldn’t help thinking about coincidence, and about fate.<br>When we suddenly met again, she was holding a radio. A radio that had supposedly come out of a person. How could a radio come out of someone? And why—why had she wandered alone in search of something like that?<br><br>There seemed to be so much that still hadn’t been revealed.",パンデミックの謎を追う,Uncover the mystery of the pandemic
main4-1,エピソード 4 - 1,Episodes 4 - 1,逆だったとしたら,If It Were the Other Way Around,もし、この広い宇宙を旅する宇宙人がいたとして、その宇宙人は何を思うだろう。たとえばよくある全身銀色の目玉の大きなあいつは、寂しいなんて言うだろうか？　<br><br>うまく想像できない。でも、広い宇宙を旅して、こんなところまでやってきたのだとしたら、きっと苦しかっただろうと、そんなことを思った。,"If there were aliens traveling through this vast universe, what would they think? Would that familiar little creature with the huge eyes and silver body say that it was lonely?<br><br>I can’t really imagine it. But if it had traveled across that vast universe and made it all the way here, I thought it must have been difficult for it too.",パンデミックの謎を追う,Uncover the mystery of the pandemic
main4-2,エピソード 4 - 2,Episodes 4 - 2,彼女の告白,Her Confession,彼女は何かを隠していた。話してくれなかった。そのことが思ったよりずっと、自分でも驚くくらい、ショックだった。<br><br>気にすることなんてない。誰にだって隠しごとくらいある。そう思ってみても、気は沈んだ。<br>彼女が隠しているその内容なんて、全然考えようとも思わなかった。,"She had been hiding something. She hadn’t told me. It hurt much more than I expected—so much that even I was surprised by how shaken I was.<br><br>It shouldn’t matter. Everyone has things they keep to themselves. I tried telling myself that, but I still felt down.<br>I didn’t even want to think about what she was hiding.",パンデミックの謎を追う,Uncover the mystery of the pandemic
main4-3,エピソード 4 - 3,Episodes 4 - 3,ないかもしれない明日,A Tomorrow That May Not Come,いろんなことを試してみて、彼女たちには少しずつ何かがわかってきたみたいだった。<br><br>わたしがいなくなったらいい──彼女はそんな風に言った。どうしてそんな風に言うのかわからない。<br><br>二人は、何も話してくれない。,"After trying all sorts of things, it seemed like they were slowly starting to understand something.<br><br>“It would be better if I disappeared,” she said. I didn’t understand why she would say that.<br><br>The two of them wouldn’t tell me anything.",パンデミックの謎を追う,Uncover the mystery of the pandemic
main4-4,エピソード 4 - 4,Episodes 4 - 4,話をする理由,Why We Talk,久しぶりに彼女と二人だけで話をした。<br>彼女に訊かれて、改めて不思議に思う。現実では会ったこともない、どこにいるのかもわからない女の子と話をしている。毎日のように。どうして、と問われても、うまく答えられなかった。<br><br>もし、明日彼女と話せなかったとしたら。<br>そのとき、自分はいったい何を思うだろう。,"I talked with her alone for the first time in a while.<br>When she asked me about it, I found it strange all over again. I was talking almost every day with a girl I had never met in real life, a girl whose whereabouts I didn’t even know. Even when she asked me why, I couldn’t explain it well.<br><br>What if I couldn’t talk to her tomorrow?<br>What would I think then?",今日を生きる,Live for today
main4-5,-,-,-,-,-,-,-,-
main4-6,-,-,-,-,-,-,-,-
main4-7,エピソード 4 - 5,Episodes 4 - 5,さよなら,Goodbye,宇宙人は自分自身だった。<br>話しているこの声が、誰かの身体を狂わせているかもしれない。あるいは勘違いで、何か別の理由があるかもしれない。本当のところは、何もわからない。<br><br>だから、でも──、<br><br>もう二度と会えない彼女と、さよならをした。,"The alien was herself.<br>The voice we were talking through might be driving someone’s body mad. Or maybe that was a misunderstanding, and there was some other reason. The truth was, I didn’t know anything for certain.<br><br>So, even so—<br><br>I said goodbye to a girl I would never meet again.",何もしない,Do nothing
-,,,,,,,,
main5-1,-,-,-,-,-,-,-,-
main5-2,エピソード 5 - 1,Episodes 5 - 1,月の天国,Heaven on the Moon,月には天国がある。<br>あの夏、亡くなってしまった祖母も、そこにいる。<br><br>何度も忘れてしまおうとしたけれど、できなかった。すべて夢だったのかもしれないと思いながら、それでも、画面越しに見た空の青さを憶えている。,"There is a heaven on the moon.<br>My grandmother, who died that summer, is there too.<br><br>I tried many times to forget, but I couldn’t. Even while wondering if it had all been a dream, I still remember the blue of the sky I saw through the screen.",コンピュータについて調べる,Investigate the computer
main5-3,-,-,-,-,-,-,-,-
main5-4,-,-,-,-,-,-,-,-
main5-5,-,-,-,-,-,-,-,-
main5-6,エピソード 5 - 2,Episodes 5 - 2,一年ぶりの夏,Summer After a Year,このコンピュータは、どことも通信していない。なら、彼女たちが暮らしていた世界は、どこにあるというのだろう？<br>そう考えて、ある可能性を思いついた。でも、そんなはずはない。窓の向こうの月がどんなに大きく見えても、決して手が届くことはないように。<br><br>一年ぶりに訪れた夏。<br>返事をしたのは、知らない少女だった。,"This computer isn’t communicating with anywhere. Then where could the world they lived in possibly be?<br>I thought of one possibility. But that couldn’t be. Just as the moon beyond the window can look so large and yet never be within reach.<br><br>Summer had come again, a year later.<br>The girl who answered me was a stranger.",事情を聞く,Ask about what happened
main6-1,エピソード 6 - 1,Episodes 6 - 1,スマホを拾った少女,The Girl Who Found a Smartphone,ミナモと名乗った少女は、道端で偶然、スマホを拾ったらしい。彼女は、ナツノのところまでスマホを届けてくれるという。<br><br>どうしてスマホは、道端に捨てられていたのだろう。あれから一年、彼女たちの暮らす日々に、どんなことがあっただろう。,"The girl who called herself Minamo apparently found the smartphone by chance on the side of the road. She said she would deliver it to Natsuno.<br><br>Why had the smartphone been left by the roadside? What had happened in the year since then, in the lives of the girls who lived in that world?",ナツノを探す,Search for Natsuno
main6-2,エピソード 6 - 2,Episodes 6 - 2,落としもの,The Lost Phone,一年前、このスマホはナツノから十メートル以上離れると電波を受信できなくなった。今、スマホで通信できているということは、ナツノは十メートル以内にいるはず──けれど、辺りを探しても誰もいない。<br><br>ナツノとは違うけれど、ミナモも彼女と同じくらいたくましく生きる少女だった。こんな世界では、きっとそんなでもないと生きていけないだろうと、彼女たちのことを遠くに感じた。,"A year ago, this smartphone could no longer receive a signal if it was more than ten meters away from Natsuno. If I could communicate through it now, Natsuno had to be within ten meters—but no matter how much I searched the area, there was no one there.<br><br>Minamo was different from Natsuno, but she was just as tough. In a world like this, I felt that they must have no choice but to be that way to survive. I felt very far removed from them.",ナツノを探す,Search for Natsuno
main6-3,エピソード 6 - 3,Episodes 6 - 3,彼女との関係,My Relationship with Her,どんな関係？<br>そう問われても、どう答えていいかわからなかった。<br><br>ある日、偶然、通話が繋がってしまっただけの関係。ただそれだけなのに、今でも彼女のことが忘れられない。この世界のことを気にかけてしまう。おかしなことのような気もする。とにかく今は、もう一度彼女と話がしたい。,"“What kind of relationship?”<br>Even when she asked that, I didn’t know how to answer.<br><br>We were just two people who happened to connect on a call one day. That was all. And yet I still couldn’t forget her. I couldn’t stop caring about the world she lived in. It felt strange somehow. For now, all I wanted was to talk to her one more time.",ナツノを探す,Search for Natsuno
main6-4,-,-,-,-,-,-,-,-
main6-5,-,-,-,-,-,-,-,-
main6-6,エピソード 6 - 4,Episodes 6 - 4,彼女との再会,Reunion with Her,彼女の声を聞いた。<br><br>あの夏に帰ってきた感じがした。<br><br>一年ぶりの夏──でも、彼女たちの世界では、まだ一週間しか経っていないらしい。,"I heard her voice.<br><br>It felt like I had returned to that summer.<br><br>Summer, a year later—and yet in their world, apparently only a week had passed.",話をする,Talk
main7-1,-,-,-,-,-,-,-,-
main7-2,-,-,-,-,-,-,-,-
main7-3,エピソード 7 - 1,Episodes 7 - 1,一年と一週間,A Year and a Week,もう一度彼女と話そうと思ったわけを、伝えることができなかった。<br>彼女はそれを許してくれた。一年前──彼女にとっては一週間前、一方的に別れを告げたことを後ろめたく思っているのかもしれない。<br><br>スマホを捨ててしまうくらい寂しかったのだと彼女は言う。その寂しさが、今はわかる。彼女たちの生きる世界はこの世界とは別のところだけど、それでも、帰ってきたんだという感じがする。,"I couldn’t tell her why I had decided to talk to her again.<br>She forgave me. Maybe she felt guilty about ending things so abruptly a year ago—or, for her, only a week ago.<br><br>She said she had been so lonely that she threw away the smartphone. Now I understood that loneliness. Their world was somewhere separate from this one, but even so, it felt like she had come home.",旅を続ける,Continue the journey
main7-4,-,-,-,-,-,-,-,-
main7-5,-,-,-,-,-,-,-,-
main7-6,エピソード 7 - 2,Episodes 7 - 2,やっと見つけた,Finally Found,やっと見つけた──突然現れた少女は、そう言ってナツノを見た。<br>見つけた、というのは、ナツノのことだろうか？　それとも......<br><br>彼女はいったい、何を知っていて、何を探していたのだろう？,"“I finally found you.” The girl who suddenly appeared said that as she looked at Natsuno.<br>Did she mean she had found Natsuno? Or...<br><br>Just what did she know, and what had she been looking for?",少女の話を聞く,Listen to the girl
main8-1,エピソード 8 - 1,Episodes 8 - 1,聞こえる声,The Voice I Hear,声が聞こえる──耳元で話されているみたいに。<br>半年前から、イツカには、声が聞こえていた。聞こえるはずのない声。そこにいない、どこか遠くにいる女の人の声。<br>声の主が誰なのかわからない。でも、長い間じっと聞いている中で、彼女なりにわかったことがあるようだった。<br><br>聞こえていたのは誰の声で、どうして彼女の耳に届いているのだろう？,"A voice could be heard—as if someone were speaking right beside her ear.<br>For six months, Itsuka had been hearing a voice. A voice she shouldn’t have been able to hear. The voice of a woman who wasn’t there, somewhere far away.<br>She didn’t know whose voice it was. But after listening to it for so long, she seemed to have figured out something of her own.<br><br>Whose voice had she been hearing, and why was it reaching her ears?",話をする,Talk
main8-2,-,-,-,-,-,-,-,-
main8-3,エピソード 8 - 2,Episodes 8 - 2,祖母の声,Grandmother’s Voice,半年前、突然聞こえるようになった声。<br>イツカが聞いていたその声は、祖母の声だった。一年前に亡くなった祖母。このコンピュータの、もともとの持ち主。<br><br>イツカは、声を聞いて何を知ったのだろう。もう祖母は亡くなってしまって、ここにはいない。でも、イツカは、何か知っているのかもしれない。,"A voice that suddenly became audible six months ago.<br>The voice Itsuka had been hearing belonged to her grandmother. Her grandmother, who had died a year ago. The original owner of this computer.<br><br>What had Itsuka learned from hearing that voice? Her grandmother was already dead and no longer here. But perhaps Itsuka knew something.",話をする,Talk
main8-4,-,-,-,-,-,-,-,-
main8-5,エピソード 8 - 3,Episodes 8 - 3,寂しさ,Loneliness,イツカは、頭の中に響く声を──祖母の声を聞いて、疑問に思った。この声の主は、何かがおかしい。自分たちと違う。やがてそれが「寂しさ」なのだと、彼女は気づく。<br><br>寂しさ。<br>彼女の言うとおりだと思った。自分や祖母は、彼女たちの感じているような「寂しさ」を、たぶん、知らない。,"Itsuka wondered about the voice echoing in her head—the voice of her grandmother. There was something strange about its owner. Something different from us. Eventually, she realized that it was “loneliness.”<br><br>Loneliness.<br>I thought she was right. My grandmother and I probably don’t know the kind of “loneliness” they feel.",寂しさの話をする,Talk about loneliness
main8-6,-,-,-,-,-,-,-,-
main8-7,エピソード 8 - 4,Episodes 8 - 4,家族,Family,祖母は七人いる。<br>家族というのは法の上での取り決めであって、血縁のことではない。自分で決めた人と家族になる。<br><br>でもそれは、「寂しい」からではない。人は一人で生きていくのに不向きで、家族をつくる。だって、その方が効率的だから。,"I have seven grandmothers.<br>Family is a legal arrangement, not a matter of blood. You become family with the people you choose.<br><br>But it isn’t because you’re “lonely.” People aren’t suited to living alone, so they make families. Because, after all, it’s more efficient that way.",旅を続ける,Continue the journey
main8-8,-,-,-,-,-,-,-,-
main8-9,エピソード 8 - 5,Episodes 8 - 5,仮想世界,The Virtual World,月にある「天国」には、死んだ人が暮らしている。<br>──と、よく言うけれど、本当は少し違う。天国にはいくつもの世界があって、そのどこかでは、この世界ではすでに死んでしまった人がまだ生きているかもしれない。死んでしまった人がまだ生きているかもしれないところ、という意味を込めて、天国と呼んでいる。<br><br>月にある「天国」には、無数のコンピュータがあって、数え切れないほどの「仮想世界」が動いている。,"The “heaven” on the moon is said to be where the dead live.<br>—Or so people often say, but it’s actually a little different. Heaven contains many worlds, and in some of them, people who have already died in this world may still be alive. It is called heaven because it is a place where those who have died may still be living somewhere.<br><br>The “heaven” on the moon contains countless computers, each running an innumerable number of “virtual worlds.”",旅を続ける,Continue the journey
main8-10,エピソード 8 - 6,Episodes 8 - 6,外の世界,The World Outside,「寂しさ」がすべての原因なのだとイツカは言った。<br>スマホはいつでも誰かと話をするため、ロケットはこの宇宙の彼方に人類以外の誰かを見つけるため。彼女たちの世界は、いつの間にか、「寂しさ」に支配されている。<br><br>誰かを探し求めているんだと、彼女は言う。<br>この世界の外──彼女たちの生きる世界の外にいる、誰かを。,"Itsuka said that “loneliness” was the cause of everything.<br>Smartphones exist so people can always talk to someone. Rockets exist to search the far reaches of the universe for someone other than humanity. Before they knew it, their world had come to be ruled by “loneliness.”<br><br>She said they were searching for someone.<br>Someone outside this world—outside the world they lived in.",話をする,Talk
main9-1,-,-,-,-,-,-,-,-
main9-2,エピソード 9 - 1,Episodes 9 - 1,寂しさと天国,Loneliness and Heaven,自分たちの「寂しさ」を奇妙に思うこともある。でも、寂しさは確かにあって、消してしまうことができない。イツカはそんな話をする。<br><br>祖母の遺したこのコンピュータの中では、仮想世界が動いている。<br>そこには一つの宇宙があって、そこで人々が生きている。<br><br>彼女たちはきっと、このコンピュータの中で生きている。,"Sometimes it seems strange that we feel “loneliness” at all. But loneliness is there, and it cannot simply be erased. Itsuka talked about that.<br><br>Inside this computer left behind by my grandmother, a virtual world is running.<br>There is a universe inside it, and people are living there.<br><br>They must be living inside this computer.",旅を続ける,Continue the journey
main9-3,エピソード 9 - 2,Episodes 9 - 2,繋がっているわけ,Why We’re Connected,仮想世界は、中を覗くことができない。仮想世界の内側のことを知ろうとすると、世界は崩れ去ってしまう。それが常識だったから、初めてナツノと通話ができたとき、まさか彼女が仮想世界の中にいるなんて考えもしなかった。<br><br>どうして、通信できているのだろう──でも、そんなの、彼女たちにとってはきっと些末なことかもしれない、と思う。,"A virtual world cannot be looked into from the outside. If you try to learn what is happening inside a virtual world, the world collapses. That was common knowledge, so when I first managed to talk to Natsuno, it never occurred to me that she could be inside a virtual world.<br><br>Why can we communicate?—But maybe, to them, that was a trivial question.",旅を続ける,Continue the journey
main9-4,エピソード 9 - 3,Episodes 9 - 3,別々の世界,Separate Worlds,自分が今まで生きていた世界は、コンピュータの中にある──ある日突然、そんなことを言われたら、自分はどう思うだろう？<br>うまく想像できない。何も思わないかもしれない。受け止めることができなくて。<br><br>コンピュータの中だったからどうだというのか、とか、そんな風に嘯くことができるだろうか？　本当のところは、言われてみないとわからない、と思う。,"If I were suddenly told that the world I had lived in all my life existed inside a computer, what would I think?<br>I can’t really imagine it. Maybe I wouldn’t feel anything. Maybe I simply wouldn’t be able to accept it.<br><br>Could I shrug it off and say, “So what if it’s inside a computer?” I don’t think I could know until someone actually told me.",旅を続ける,Continue the journey
main9-5,-,-,-,-,-,-,-,-
main9-6,-,-,-,-,-,-,-,-
main9-7,エピソード 9 - 4,Episodes 9 - 4,誰かを探している,Looking for Someone,祖母は、誰かを探すために仮想世界をつくった。<br>イツカは、祖母の声を聞いてそう感じ取ったらしい。なぜ祖母はこの世界をつくったのか。それがわかれば、パンデミックも、こうして通信が繋がっている理由も、すべて明らかになるかもしれない、と彼女は言う。<br><br>祖母のことを思い出す。月の天国にいる彼女には、もう何を訊くこともできない。,"My grandmother created a virtual world to search for someone.<br>That was what Itsuka had gathered from hearing her grandmother’s voice. Why did my grandmother create this world? If we could learn that, she said, maybe we could understand everything—the pandemic, and why we are able to communicate like this.<br><br>I think of my grandmother. She is in heaven on the moon now, and I can no longer ask her anything.",話をする,Talk
main9-8,エピソード 9 - 5,Episodes 9 - 5,それでも、生きていくために,"Still, to Keep Living",わからないこと、簡単には受け入れられないことばかり。<br>それでも、ナツノは生きていこうとしている。確かに、彼女の生きる世界がコンピュータの中にあろうと、誰かがつくったものであろうと、食べなければ死んでしまう。何がわかったところで、暮らしが急になくなるわけではない。<br><br>そういう強さを感じながら、でも、不安だってたくさんあるだろうと思う。,"There are so many things we don’t understand, so many things that are difficult to accept.<br>Even so, Natsuno is trying to keep living. Whether her world is inside a computer or was created by someone, she still has to eat or she will die. Learning the truth won’t suddenly make her everyday life disappear.<br><br>I can feel that strength in her. But I’m sure she must have plenty of fears too.",旅を続ける,Continue the journey
main9-9,エピソード 9 - 6,Episodes 9 - 6,探している人,The Person She Was Looking For,祖母は誰を探していたのだろう？<br>祖母が仮想世界をつくったのは、彼女がコンピュータを物置に仕舞う前、まだ若かった頃。もちろん、その頃の祖母のことは知らない。彼女がどんな暮らしをしていたのかわからない。<br><br>若い頃の祖母は、恋をしたことがあっただろうか？<br>恋人が亡くなって、せめて別の世界で生きていてほしいとか、そんなことを願ったりしたのかもしれない。,"Who was my grandmother looking for?<br>She created the virtual world when she was still young, before putting the computer away in storage. Of course, I never knew her then. I don’t know what her life was like.<br><br>Did my grandmother ever fall in love when she was young?<br>Maybe someone she loved died, and she wished that, at the very least, they could still be alive in another world.",旅を続ける,Continue the journey
main10-1,-,-,-,-,-,-,-,-
main10-2,-,-,-,-,-,-,-,-
main10-3,エピソード 10 - 1,Episodes 10 - 1,つくられた理由,Why It Was Created,一年前、彼女と話をするまで、こんな気持ちは知らなかった。<br>寂しさという寂しさなんて、感じたことがなかったんだと、今は思う。もちろんその頃はそれが普通で、この世界で生きる人々にとっては、当たり前のこと。<br><br>何か、生きる意味があったらいい──彼女は、一人、寂しそうにそう言った。,"I didn’t know this feeling until I talked to her a year ago.<br>Now I realize I had never truly felt loneliness before. Of course, back then it was normal—the ordinary state of things for the people living in this world.<br><br>“I wish there were some meaning to living...” she said, alone and sadly.",旅を続ける,Continue the journey
main10-4,エピソード 10 - 2,Episodes 10 - 2,運命なんてあるはずないけど,There Can’t Be Such a Thing as Fate,アカネと再会した。<br>もう何度目だろう。車で移動する音は目立つだろうけれど、それにしたって、運命めいたものを感じてしまう。<br><br>今度は、何を思って一人旅をしていたのだろう。彼女なら、この不可解な世界を解き明かしてくれるかもしれない、と期待してしまう。,"I met Akane again.<br>How many times has it been now? The sound of a car must stand out, but even so, I couldn’t help feeling like there was something almost fated about it.<br><br>What had she been thinking about as she traveled alone this time? I couldn’t help hoping that, if it was her, she might be able to unravel this incomprehensible world.",話をする,Talk
main10-5,-,-,-,-,-,-,-,-
main10-6,エピソード 10 - 3,Episodes 10 - 3,感染者,The Infected,感染者が人を襲うのは、「寂しさ」のせい──<br>一人になって、ずっと感染者について調べていたアカネは、そんな想像を語った。感染者は寂しくて、話をしたくて、それで人々に近づいてくる。でもその頃には正気を失っていて、うまくコミュニケーションをとることができない。だから人を襲っているように見える。<br><br>そうだとして、どうすることもできない。明日もまた、感染した人々と戦わなければならないと思うと、気が重かった。,"The infected attack people because of “loneliness”—<br>Akane, who had spent all that time alone investigating the infected, offered that theory. The infected are lonely. They want to talk, so they approach people. But by then, they have lost their sanity and can no longer communicate properly. That is why it looks like they are attacking people.<br><br>Even if that were true, there was nothing we could do about it. Thinking that we would have to fight infected people again tomorrow left me feeling heavy.",この世界の謎を追う,Uncover the mystery of this world
main10-7,-,-,-,-,-,-,-,-
main10-8,-,-,-,-,-,-,-,-
main10-9,-,-,-,-,-,-,-,-
main10-10,エピソード 10 - 4,Episodes 10 - 4,世界をつくった理由,Why the World Was Created,アカネが集めた品の中に、この世界にあるのと同じコンピュータがあった。二つのコンピュータは同期していて、両方の世界から操作ができる。<br>これもまた、二つの世界を繋いでいる。感染者は、やはり二つの世界を繋げるために変容しているのだろうか。寂しさも、そのせいなのだろうか。<br><br>祖母は、なんのためにこの世界をつくったのか──それを明らかにしなければらない、と思った。,"Among the things Akane had collected was another computer identical to the one in this world. The two computers were synchronized, and both worlds could be operated from either one.<br>Once again, something was connecting the two worlds. Were the infected changing in order to connect the two worlds after all? Was loneliness part of the same reason?<br><br>I realized we had to find out why my grandmother had created this world.",この世界の謎を追う,Uncover the mystery of this world
main11-1,エピソード 11 - 1,Episodes 11 - 1,言えた義理じゃないけれど,"I Have No Right to Say This, But",ナツノを支えてあげてほしい。<br>言えた義理じゃないと呟きながら、イツカは心の内を漏らした。後悔もある。でも、それ以上に、この世界がつくられた理由を知りたい。彼女はその一心で、ナツノを探して旅をしてきた。<br><br>ナツノにしてやれることはあるだろうか。<br>初めて出会ったときから、何も変わっていない。できるのは、話し相手になることだけ。,"I want you to support Natsuno.<br>“It’s not my place to say that,” Itsuka murmured, letting her true feelings slip out. She had regrets too. But more than anything, she wanted to know why this world had been created. That single desire was what had driven her to travel in search of Natsuno.<br><br>Is there anything I can do for Natsuno?<br>Nothing has changed since the day we first met. All I can do is be someone for her to talk to.",この世界の謎を追う,Uncover the mystery of this world
main11-2,-,-,-,-,-,-,-,-
main11-3,-,-,-,-,-,-,-,-
main11-4,エピソード 11 - 2,Episodes 11 - 2,祖母の兄,Grandmother’s Brother,世の中って、そんなに都合よくできてるんだっけ？<br>ずっとナツノは違和感を抱いていた。うまく言葉にできないひっかかりが彼女の中にある。<br><br>祖母の兄から連絡があった。<br>彼は、祖母のことを知っていた。このコンピュータのことも、そして、ナツノたちが生きる仮想世界のことも。,"Is the world really supposed to work out that conveniently?<br>Natsuno had always felt something was off. There was something she couldn’t quite put into words.<br><br>She received a message from her grandmother’s brother.<br>He knew her grandmother. He knew about this computer, and even about the virtual world where Natsuno and the others lived.",彼女たちと話をする,Talk with them
main12-1,エピソード 12 - 1,Episodes 12 - 1,鉄の管,The Metal Tube,アカネが感染していた。<br>左足から、金属の管が生えている。彼女はまだ正気を保っているように見えたけれど、倒れて、気を失ってしまった。<br><br>一年前の夏にナツノとさよならをした直後、アカネがナツノのもとを去るときには、変容し始めていたらしい。ナツノに知られたくなくて、彼女はナツノのもとを離れたのだろう。どうして、と問うナツノの声が、しばらく耳から離れなかった。,"Akane was infected.<br>A metal tube was growing out of her left leg. She still seemed to be in her right mind, but then she collapsed and lost consciousness.<br><br>Apparently, Akane had already begun changing when she left Natsuno, right after they said goodbye the summer before. Maybe she had left because she didn’t want Natsuno to know. Natsuno’s voice asking “Why?” stayed with her for a long time.",彼女たちと話をする,Talk with them
main12-2,-,-,-,-,-,-,-,-
main12-3,-,-,-,-,-,-,-,-
main12-4,-,-,-,-,-,-,-,-
main12-5,エピソード 12 - 2,Episodes 12 - 2,偶然,Coincidence,高校生の祖母は、仮想世界をつくった。<br>流行っていたから。<br>おもしろそうだったから。<br>安かったから。<br><br>そのくらいの手軽さで、たった数回のクリックで、<br>世界はつくられた。,"My grandmother created a virtual world when she was a high school student.<br>Because it was popular.<br>Because it looked interesting.<br>Because it was cheap.<br><br>With that kind of casual ease, with just a few clicks,<br>a world was created.",話をする,Talk
main13-1,-,-,-,-,-,-,-,-
main13-2,-,-,-,-,-,-,-,-
main13-3,エピソード 13 - 1,Episodes 13 - 1,勘違い,A Misunderstanding,すべては偶然だった。<br><br>祖母が誰かを探していたというのも、そのせいで二つの世界が繋がったというのも、勘違いだった。この世界がつくられたことに、理由なんかない。<br><br>世界は、気まぐれと偶然でできている。,"It had all been a coincidence.<br><br>The idea that my grandmother had been searching for someone, and that this had caused the two worlds to connect, had both been a misunderstanding. There was no reason why this world had been created.<br><br>The world is made from whims and coincidences.",薬を探す,Search for medicine
main13-4,エピソード 13 - 2,Episodes 13 - 2,意味なんかない,There’s No Meaning,生きている意味だとか、死んだあとのことだとか。<br>そういうことを考えて眠れなくなったりする。誰だってきっと、経験があるだろう。小さい頃、一度は考えたことがあると思う。<br><br>だから、世界に意味がないなんて、そんなのは今さらで。なのに、そう言う彼女に頷いたらいいのか、それとも否定したいのか、わからなかった。,"The meaning of life, what happens after death...<br>Sometimes you think about things like that until you can’t sleep. Everyone has probably experienced it. I think everyone wonders about it at least once when they’re young.<br><br>So the idea that the world has no meaning shouldn’t be anything new. And yet, when she said it, I didn’t know whether I should agree with her or argue.",薬を探す,Search for medicine
main13-5,-,-,-,-,-,-,-,-
main13-6,エピソード 13 - 3,Episodes 13 - 3,消えてしまいたい,I Want to Disappear,消えてしまいたい。むしろ、世界の方が消えてくれたらいいのに。<br>そうしたら、何もかもから解放されてすっきりする。つらいとき、苦しいとき、思い浮かぶ妄想。<br><br>けれど彼女たちにとって、それはもう妄想ではない。彼女たちの手元には、彼女たちの世界をつくるコンピュータがある。それを使って、世界を消してしまうことができる。<br><br>自分だったらどうするだろう、と自問しても、答えは出ない。,"I want to disappear. If anything, I wish the world itself would disappear.<br>Then I could be free of everything and finally feel at peace. It’s the kind of fantasy that comes to mind when things are painful and difficult.<br><br>But for them, it was no longer a fantasy. They had a computer capable of creating their world right there in front of them. With it, they could erase their world.<br><br>Even when I asked myself what I would do, I couldn’t find an answer.",時が流れるのを待つ,Wait for time to pass
main13-7,エピソード 13 - 4,Episodes 13 - 4,憧れとも、恋ともつかないまま,Neither Admiration nor Love,イツカが胸の内を語った。<br>彼女にとって、かつて聞こえてきた声は、祖母は、特別な存在で、その人に恋をしているのかもしれないとさえ思う。その気持ちを忘れらなくて、声の正体を、この世界をつくった理由を探し求めていた。<br><br>でも、そんなものはなかった。<br>信じたくないと話す彼女に、どんな言葉をかけていいのかわからない。,"Itsuka opened up about what she had been feeling.<br>To her, the voice she once heard—and the grandmother behind it—was something special. She even wondered if she might be in love with her. Unable to forget that feeling, she had searched for the truth behind the voice and the reason this world was created.<br><br>But there was nothing there.<br>I didn’t know what to say to her when she told me she didn’t want to believe it.",時が流れるのを待つ,Wait for time to pass
main13-8,エピソード 13 - 5,Episodes 13 - 5,感染者の見る夢,The Dreams of the Infected,寂しくて、どうしようもない夢を見る。<br>どこのもわからない、真っ暗な場所を歩き回って、寂しくて寂しくて、誰かの気配を感じて駆け寄ったりする。そこでふと目を覚ますと、本当に立ち上がって歩いている。<br>そんな夢を、アカネは最近よく見るのだという。<br><br>感染して正気を失ってしまった人々の意識も、そんな夢の中に閉じ込められているのかもしれない。もしそうなら、それを助けたいと、彼女は語った。,"She dreams of being lonely, helplessly lonely.<br>She wanders through a pitch-black place she doesn’t recognize, feeling terribly alone, and sometimes runs toward the presence of someone she senses nearby. Then she suddenly wakes up to find herself actually standing and walking.<br>Akane said she had been having dreams like that a lot lately.<br><br>Maybe the minds of people who have become infected and lost their sanity are trapped in dreams like those. If that is the case, she said, she wants to save them.",時が流れるのを待つ,Wait for time to pass
main13-9,エピソード 13 - 6,Episodes 13 - 6,流れていく時間,Time Passing,いろんなことがあって、いろんなことがわかって。<br>だけど、状況は何も変わらない。パンデミックは終結したりしないし、世界は消え去ってもいない。<br><br>これからどうなるのだろう。どうなり得るのだろう。何も変わらず、このまま時間だけが流れていくのだろうか。彼女たちの世界では、こんなどうしようもない時間だけが、ただ続いていくのだろうか。,"So much has happened, and so much has been revealed.<br>And yet, nothing has changed. The pandemic hasn’t ended, and the world hasn’t disappeared.<br><br>What will happen next? What could happen? Will time simply keep passing without anything changing? In their world, will these helpless days just go on forever?",時が流れるのを待つ,Wait for time to pass
main13-10,-,-,-,-,-,-,-,-
main13-11,-,-,-,-,-,-,-,-
main13-12,エピソード 13 - 7,Episodes 13 - 7,もう二度と,Never Again,もう二度と、話したくない。<br><br>そう言って、彼女は眠った。,"I never want to talk again.<br><br>With that, she went to sleep.",話を聞く,Listen
main14-1,-,-,-,-,-,-,-,-
main14-2,-,-,-,-,-,-,-,-
main14-3,-,-,-,-,-,-,-,-
main14-4,エピソード 14 - 1,Episodes 14 - 1,何もわからないまま,Without Knowing Anything,何もわからない。ナツノがどんな状態なのかも、どうすれば目を覚ますのかも。<br><br>当たり前だけれど、それでも彼女たちの世界は続いていく。,"We don’t know anything. Not what state Natsuno is in, or how to wake her up.<br><br>Of course, their world continues all the same.",生きていく,Keep living
main14-5,-,-,-,-,-,-,-,-
main14-6,-,-,-,-,-,-,-,-
main14-7,-,-,-,-,-,-,-,-
main14-8,エピソード 14 - 2,Episodes 14 - 2,聞こえてきた声,The Voice That Reached Me,夢だと思った。<br>まどろみの中で、夢を見ているのだと。<br><br>でも違った。確かに聞こえた。彼女の声。画面には何も映っていないけれど、確かに彼女の声を聞いた。<br><br>初めて出会ったときと同じように、返事をした。,"I thought it was a dream.<br>That I was dreaming in the haze between sleep and waking.<br><br>But it wasn’t. I definitely heard it. Her voice. Nothing appeared on the screen, but I could hear her voice clearly.<br><br>Just like when we first met, I answered.",声を聞く,Listen to the voice
main15-1,-,-,-,-,-,-,-,-
main15-2,エピソード 15 - 1,Episodes 15 - 1,何もない、どこか,"Somewhere, Nowhere",どこなのかわからない。スマホの電源も入っていない。<br>それでも彼女と話をすることができた。彼女がどこにいるのか、どうしてそこにいるのか何もわからない。でも、そんなのは初めて出会ったときも同じだった。彼女に、彼女の言葉で説明してもらうしかない。<br><br>今までそうだったように、これから少しずつ、何かがわかっていくといい。,"I don’t know where she is. The smartphone isn’t even turned on.<br>And yet, I was able to talk to her. I don’t know where she is or why she’s there. But it was the same when we first met. All I can do is have her explain it to me, in her own words.<br><br>Just like before, I hope we can slowly start to understand more.",歩いてみる,Take a walk
main15-3,エピソード 15 - 2,Episodes 15 - 2,音,A Sound,何かの音が聞こえる。<br>画面に何も映らないせいで、聞こえてくる音に敏感になっているだけかもしれない。彼女も、空耳のような気もする、と言う。<br><br>でもこれは、本当にただの空耳だろうか？,I can hear some kind of sound.<br>Maybe I’m just more sensitive to sounds because nothing is appearing on the screen. Even she says it might just be something she imagined hearing.<br><br>But is this really just an auditory illusion?,歩いてみる,Take a walk
main15-4,-,-,-,-,-,-,-,-
main15-5,-,-,-,-,-,-,-,-
main15-6,エピソード 15 - 3,Episodes 15 - 3,話していたくない,I Don’t Want to Keep Talking,話をしていると、話していたいと思う。<br>人と会うから、寂しいと思う。<br>だから、もう二度と話をしたくないのだと彼女は言った。<br><br>意味のない世界なんて消えてしまったらいい。だけど、寂しくて、誰かと話していたい。その二つの気持ちの間で、彼女は疲れ果ててしまったのだと思った。,"When you talk to someone, you want to keep talking.<br>When you meet people, you feel lonely.<br>That is why she said she never wanted to talk again.<br><br>A meaningless world should just disappear. But she was lonely, and she wanted to talk to someone. I thought she had been worn down completely by being caught between those two feelings.",歩いてみる,Take a walk
main15-7,エピソード 15 - 4,Episodes 15 - 4,何もない,Nothing,世界のすべては無作為なノイズで、それが人には、空や海に見えている。<br>ただの偶然で生まれた世界に、何か意味があったかもしれないと勘違いしていたのと同じように。<br><br>何もないところを歩き続けて、彼女はそんな想像をした。<br>疲労から生まれた妄言だろうか？　でも、疲れているんだと、そう切り捨ててしまうことはできなかった。,"Everything in the world is random noise, and people perceive it as the sky and the sea.<br>Just as we had mistaken a world born from coincidence for something that might have meaning.<br><br>As she kept walking through a place where there was nothing, she imagined that.<br>Was it nonsense brought on by exhaustion? Even so, I couldn’t simply dismiss it as “she’s tired.”",歩いてみる,Take a walk
main15-8,-,-,-,-,-,-,-,-
main15-9,-,-,-,-,-,-,-,-
main15-10,-,-,-,-,-,-,-,-
main15-11,-,-,-,-,-,-,-,-
main15-12,エピソード 15 - 5,Episodes 15 - 5,いなくなって,Gone,錯覚が、世界をつくっている。<br><br>世の中には本当は何もなくて、あるいは偶然に生まれたノイズだけに満ち満ちていて、人はただ、勘違いや錯覚でものを見ている。<br>少なくともナツノの見ている夢は、そのように思えた。真っ暗な世界には、本当は、何もない。<br><br>だったら──そう言って、彼女は姿を消した。,"Illusions create the world.<br><br>Maybe there is really nothing in the world, or maybe it is filled with nothing but randomly generated noise, and people see things only through misunderstandings and illusions.<br>At least, that was how Natsuno’s dream seemed to see it. In the pitch-black world, there was really nothing.<br><br>“Then—” she said, and disappeared.",ナツノを探す,Search for Natsuno
main16-1,-,-,-,-,,,-,-
main16-2,-,-,-,-,-,-,-,-
main16-3,-,-,-,-,-,-,-,-
main16-4,エピソード 16 - 1,Episodes 16 - 1,彼女のいない世界なら,A World Without Her,彼女はどこにもいない。<br>消えてしまった。<br><br>本当に、消えてしまったのかもしれない。そんなことが起こっても、もう驚くことはできないだろう。<br><br>そんな世界なら、もういっそ、消えてしまった方がいいかもしれない。<br>今、目の前には、彼女たちの世界を消すボタンがある。,"She is nowhere.<br>She disappeared.<br><br>Maybe she really is gone. If something like that happened, I don’t think I could be surprised anymore.<br><br>If this is the kind of world it is, maybe it would be better to disappear too.<br>Right now, there is a button in front of me that will erase their world.",決断をする,Make a decision
main16-5,-,-,-,-,-,-,-,-
main16-6,-,-,-,-,-,-,-,-
main16-7,エピソード 16 - 2,Episodes 16 - 2,方法,A Way,もし声が届いたとしても、ただ呼びかけるだけでは彼女は応えてくれないだろう。もう二度と話したくない、そう言っていたのだから。<br>でも、あのコンピュータも彼女と一緒に消えた。だとしたら、彼女に返事をさせる方法は、一つだけあるかもしれない。<br><br>このコンピュータを使えば、きっと、彼女は応えてくれる。,"Even if my voice reached her, simply calling out to her probably wouldn’t make her answer. She had said she never wanted to talk again.<br>But that computer disappeared with her too. If so, there might be only one way to make her answer.<br><br>If I use this computer, surely she will answer.",決断をする,Make a decision
main16-8,-,-,-,-,-,-,-,-
main16-9,-,-,-,-,-,-,-,-
main16-10,エピソード 16 - 3,Episodes 16 - 3,消してしまうつもりだった,I Meant to Erase It,こんな世界、消してしまいたくて。<br>もう全部、終わりにしたくて。<br>だから、一人で出ていった。声が聞こえても返事をしなかった。<br>一人になって、消してしまえると思った。<br><br>彼女は、静かに、話をする。,"I wanted to erase a world like this.<br>I wanted it all to end.<br>That’s why I left alone. Even when I heard the voice, I didn’t answer.<br>Once I was alone, I thought I could erase it.<br><br>Quietly, she begins to talk.",話をする,Talk
main16-11,-,-,-,-,-,-,-,-
main16-12,-,-,-,-,-,-,-,-
main16-13,-,-,-,-,-,-,-,-
main16-14,-,-,-,-,-,-,-,-
main16-15,-,-,-,-,-,-,-,-
main16-16,-,-,-,-,-,-,-,-
main16-17,-,-,-,-,-,-,-,-
main16-18,エピソード 16 - 4,Episodes 16 - 4,夏の彼方,Beyond Summer,初めて出会ったときと同じように、彼女は北を目指して進む。<br><br>あてなんかない。<br>何かを見つけられたわけでもない。<br>意味だって、理由だってないまま。<br>それでも、彼女の旅は続いていく。<br><br>終わりも、果てもない──この、夏の彼方まで。,"Just as when we first met, she heads north.<br><br>She has no destination.<br>She hasn’t found anything.<br>There is no meaning, no reason.<br>And still, her journey continues.<br><br>With no end and no destination—beyond this summer.",-,-
main16-99,-,-,-,-,-,-,-,-
-,,,,,,,,
-,,,,,,,,
kiko1-1,キャラクターエピソード キコ : 1,Character Episode キコ : 1,飼い犬を探す少女,The Girl Searching for Her Dog,旅路で偶然出会った少女は、はぐれた犬を探してキャンプから出てきたらしい。<br><br>犬のことが心配なのだろう。でも一人でキャンプを飛び出す無謀さには呆れてしまう。<br>犬のことも、北にあるキャンプのことも、道すがら少しずつ聞けるといい。,"The girl I happened to meet on the road had apparently left her camp to search for her lost dog.<br><br>She must be worried about the dog. Still, I can’t help being amazed at how recklessly she left camp all by herself.<br>I hope I can learn more along the way, both about her dog and the camp farther north.",飼い犬を探す,Search for the lost dog
kiko1-2,キャラクターエピソード キコ : 2,Character Episode キコ : 2,飼い犬を探す少女,The Girl Searching for Her Dog,ミノタローというその犬の姿はなかなか見つけられない。犬というからには生き物で、生きているというからには、きっと動き回るだろう。もうこの近くにはいないのかもしれない。<br><br>それでもキコには、この辺りにいるという確信があるようだった。彼女と飼い犬の間にある絆のようなものが、そう信じさせてくれるのだろうか。,"We still can’t find the dog named Minotaro. If it’s a dog, it’s alive, and if it’s alive, it must be moving around. Maybe it’s already gone somewhere far from here.<br><br>Even so, Kiko seems certain that he’s somewhere nearby. Maybe the bond between her and her dog is what makes her believe that.",飼い犬を探す,Search for the lost dog
kiko1-2_5,キャラクターエピソード キコ : 3,Character Episode キコ : 3,飼い犬を探す少女,The Girl Searching for Her Dog,一人の方が楽──キコはそんなことを語った。<br>ナツノも小さく頷いた。彼女がどんな気持ちで頷き、どうしてあんなつらそうな顔をしたのか、たぶん、本当のところはわからない。生きている世界が違いすぎて、彼女たちの思いのすべてをわかってあげることは、どうしてもできない。<br><br>そのあとの長い沈黙の間も、通話越しに二人のかすかな息づかいを聞いているだけで、何も言えなかった。,"“It’s easier to be alone,” Kiko said.<br>Natsuno gave a small nod. I probably don’t really understand what she was feeling when she nodded, or why she looked so pained. Their worlds are simply too different for me to fully understand everything they feel.<br><br>Even during the long silence that followed, all I could do was listen to the faint sound of their breathing through the call.",飼い犬を探す,Search for the lost dog
kiko1-3,キャラクターエピソード キコ : 4,Character Episode キコ : 4,飼い犬を探す少女,The Girl Searching for Her Dog,家族にさえ黙って、キコはキャンプをたった一人抜け出さなければならなかった。取り残してきたもう一匹の家族を見つけ出すため。その真っ直ぐな瞳の奥に、燃えるような心が見えた。<br><br>彼女と飼い犬との間にどんな絆があったのか、どんな日常があったのか、知ることはできない。そのせいか、必死に家族を探す彼女の背中はとても遠くに思えた。,"Kiko had to leave the camp all by herself, without even telling her family. She was going to find the other member of her family she had left behind. There was a burning determination in her eyes.<br><br>I could never know what kind of bond she shared with her dog, or what their everyday life had been like. Maybe that was why, as she desperately searched for her family, she seemed so very far away.",飼い犬を探す,Search for the lost dog
kiko1-3_5,キャラクターエピソード キコ : 5,Character Episode キコ : 5,飼い犬を探す少女,The Girl Searching for Her Dog,ナツノのいないところで、キコと話をした。<br>本当は、帰るつもりなんてない。帰ることができるなんて、思っていない。そう話すキコの言葉は途切れ途切れで、間に言葉を返すことはできただろう。<br><br>でも、やっぱり何も言えなかった。<br>いつも隣にいるナツノには話せないというその心のうちを、ただ黙って聞いた。,"I talked with Kiko while Natsuno wasn’t there.<br>“I’m not really planning to go back. I don’t think I can.” Her words came out in fragments, leaving plenty of room for me to respond.<br><br>But I still couldn’t say anything.<br>I could only quietly listen to what she couldn’t tell Natsuno, the girl who was always by her side.",飼い犬を探す,Search for the lost dog
kiko1-4,キャラクターエピソード キコ : 6,Character Episode キコ : 6,飼い犬を見つけた少女,The Girl Who Found Her Dog,二人で、ミノタローのお墓を立てた。家族に供養されて、ミノタローは成仏できただろうか。そうだと思いたい。誰にも看取られず、誰にも知られなかった死が今の世の中には多すぎる。<br><br>キコはこれからどこに向かうのだろう。最初からすべてわかってキャンプから出てきたキコが行く先なんて、この世のどこかにあるだろうか......,"Together, we made a grave for Minotaro. Had being laid to rest by his family allowed him to find peace? I wanted to believe so. There were simply too many deaths in this world that went unseen and unmourned.<br><br>Where will Kiko go from here? She left the camp knowing from the start that she might never return. Is there really anywhere left in this world for her to go......",-,-
shino1-1,キャラクターエピソード シノ : 1,Character Episode シノ : 1,写真の場所を探す少女,The Girl Searching for a Place in a Photo,突然現れて、行動をともにすることになった少女は、やたらと明るくて、話を聞いているこっちが疲れるくらいだった。<br>その天真爛漫さを見ていると、たまたま拾った写真の場所を探す旅をしているというのも、嘘ではないんだろうと思えてしまう。<br><br>誰のものとも知れない写真に、彼女はいったい何を見ているのだろう。,"The girl who suddenly appeared and ended up traveling with us was so cheerful that listening to her was almost exhausting.<br>Watching her carefree nature, I found myself believing that her journey to find the place in a photograph she happened to pick up really was genuine.<br><br>What does she see in a photograph that no one even knows the owner of?",写真の場所を探す,Search for the place in the photo
shino1-2,キャラクターエピソード シノ : 2,Character Episode シノ : 2,写真の場所を探す少女,The Girl Searching for a Place in a Photo,写真に写っている景色を見つけた。<br>偶然手に入れた写真の場所を探すだなんて途方もないことに思えたけれど、こうして見つけてしまうと、不思議な気持ちになる。懐かしいような、悲しいような。自分が撮った写真でもないのに。<br><br>シノは自分の故郷のことを話した。遠い故郷の写真は、手元にないらしい。<br>故郷の話をしているときの彼女の瞳は、どこかずっと遠くを見ていた。,"We found the landscape shown in the photograph.<br>Searching for the place in a photograph she happened to find had seemed like an impossible task, but actually finding it left me with a strange feeling. Nostalgic, somehow. Sad, too. Even though it wasn’t a photo I had taken.<br><br>Shino told me about her hometown. Apparently, she doesn’t have any photographs of that distant place with her.<br>Whenever she talked about home, her eyes seemed to be looking somewhere very far away.",写真の場所を探す,Search for the place in the photo
shino1-2_5,キャラクターエピソード シノ : 3,Character Episode シノ : 3,写真の場所を探す少女,The Girl Searching for a Place in a Photo,写真を見ると、それを撮ったときの気持ちを思い出す。<br>シノが撮っていた写真のことを思う。今、彼女の手元にあるのは、誰もいない家で偶然見つけた、知らない誰かの撮った写真だけ。<br><br>彼女はどんな思いで写真を撮って、どんな気持ちで、今、見知らぬ場所を巡っているのだろう。,"Looking at a photograph brings back the feelings from when it was taken.<br>I think about the photographs Shino used to take. The only photographs she has now are ones taken by some stranger, found by chance in an empty house.<br><br>What was she feeling when she took her photographs, and what does she feel now as she travels through places she has never seen before?",写真の場所を探す,Search for the place in the photo
shino1-3,キャラクターエピソード シノ : 4,Character Episode シノ : 4,写真の場所を探す少女,The Girl Searching for a Place in a Photo,生まれ故郷の話をするときの彼女の瞳は、どこか遠く、ずっと遠くを見ていた。<br>その先にあるのは、今はもうずっと遠くにある故郷の町だろうか。それとも、もっと別の何かだろうか。<br><br>残る写真はあと一枚。もしその場所を見つけてしまったなら......そのあと、彼女はいったいどうするのだろう。,"Whenever she talked about the place where she was born, her eyes looked somewhere far, far away.<br>Was her hometown, now so distant, somewhere beyond that gaze? Or was it something else entirely?<br><br>There is only one photograph left. If she finds that place too......what will she do afterward?",写真の場所を探す,Search for the place in the photo
shino1-3_5,キャラクターエピソード シノ : 5,Character Episode シノ : 5,写真の場所を探す少女,The Girl Searching for a Place in a Photo,家族に会いたいとか、昔の日常に戻りたいとか。<br>そういうことではなくて、ただ最後に、一目見るために、故郷の町に帰りたい。そう語る彼女の言葉は、静かで、震えていた。憶えるのが苦手だといっても、どうしても忘れられないものだってある。<br><br>故郷と思える場所がない──ナツノの言葉を聞いて、シノは、何を思ったのだろう。,"It wasn’t that she wanted to see her family or return to the life she used to have.<br>She simply wanted to return to her hometown one last time, just to see it with her own eyes. Her voice was quiet and trembling as she said it. Even if she says she’s bad at remembering things, there are some things you just can’t forget.<br><br>When Shino heard Natsuno say that she had no place she could call home, I wonder what she thought.",写真の場所を探す,Search for the place in the photo
shino1-4,キャラクターエピソード シノ : 6,Character Episode シノ : 6,故郷の町,Her Hometown,故郷の町を目指して、彼女は去っていった。<br>山の中にあるというその町に戻って、彼女はどんなことを思うだろう。<br><br>町は今、どんな風だろう。人が消え、荒れ果ててしまっただろうか。それとも、山奥でひっそり今でも日常を保っていたりするだろうか。<br>彼女の心の中にあるのと同じ景色が残っていればいいと、そう思った。,"She left to make her way to her hometown.<br>What will she think when she returns to that town in the mountains?<br><br>What is the town like now? Have the people disappeared, leaving it in ruins? Or does everyday life still quietly go on somewhere deep in the mountains?<br>I hope the scenery she remembers is still there.",-,-
akane1-1,キャラクターエピソード アカネ : 1,Character Episode アカネ : 1,探しているもの,What She’s Looking For,よく効く薬が見つかって、アカネは少し元気になった。<br><br>ナツノと別々に過ごしていた間、一人ではなかったのだという。誰と、どんな時間を過ごしていたのだろう。<br>彼女は言葉を濁す。その出会いは、彼女にとって何か特別なものだったのだろうか。,"After finding some effective medicine, Akane seemed a little better.<br><br>Apparently, she hadn’t been alone while she and Natsuno were apart. Who had she been with, and what kind of time had they spent together?<br>She was evasive about it. Maybe that encounter had meant something special to her.",探しものを見つける,Find what she is looking for
akane1-2,キャラクターエピソード アカネ : 2,Character Episode アカネ : 2,探しているもの,What She’s Looking For,どんな感じだった？　──そう問いかける彼女が何を考えているのか、わからない。<br><br>ナツノのことをたくましいと言うアカネは、彼女の左足とは別の何かを気にしているように見えた。<br>命を脅かしている変容よりも、大切なこと。いったい何が、彼女にあんな顔をさせるのだろう。,"“What was it like?”—I didn’t know what she was thinking when she asked.<br><br>Akane called Natsuno tough, but she seemed concerned about something other than Natsuno’s left leg.<br>Something more important than the transformation threatening her life. What could it be that made her look like that?",探しものを見つける,Find what she is looking for
akane1-3,キャラクターエピソード アカネ : 3,Character Episode アカネ : 3,探しているもの,What She’s Looking For,世の中がこんなことになるのを、止められなかった。<br>そう言うのを聞いて、なんだか彼女がとても遠くに思えた。<br>未知のウイルス、未曾有の感染症。ウイルスではなく、感染症と呼べるものではなかったかもしれないけど、それが自分の手の届くところにあると、彼女は感じている。<br><br>そういう風に感じられる人が、今何を思うのか、想像もつかない。,"She couldn’t stop what was happening to the world.<br>Hearing her say that somehow made her seem very far away to me.<br>An unknown virus, an unprecedented epidemic. Maybe it wasn’t a virus, or even something that could properly be called an infectious disease, but she felt that it was something within her reach.<br><br>I can’t even imagine what someone who feels that way must be thinking now.",旅を続ける,Continue the journey
akane1-4,キャラクターエピソード アカネ : 4,Character Episode アカネ : 4,こんな世の中だから,In a World Like This,やるべきことを探している。<br>こんな世の中になってしまって、身体が変容してしまって、だからこそ、今、考えてしまう。<br>できることはいくらでもあると思える。ある意味では、整然としている世の中より、できることはずっと多いかもしれない。<br><br>でも、何をするべきなのか、と問われると、思い浮かぶものは何一つない。,"She is looking for something she needs to do.<br>After the world became like this, after her body began to change, she couldn’t help thinking about it.<br>It feels like there are countless things she could do. In a way, perhaps there are far more things to do now than there were in an orderly world.<br><br>But when she asks herself what she should do, not a single answer comes to mind.",旅を続ける,Continue the journey
akane1-5,キャラクターエピソード アカネ : 5,Character Episode アカネ : 5,やるべきこと,What Must Be Done,ともに時間を過ごした人が、目の前で命を落とした。<br>想像もできない。でも、こんな世の中では、そんなのはよくあることで。彼女たちがどんな思いで日々を生きているのか、わかってあげることはできない。<br><br>そんな死さえ日常で、心を動かすことができないとしたら。<br>なら、何を感じて、彼女たちは生きているのだろう。,"Someone she had spent time with died right in front of her.<br>I can’t imagine it. But in a world like this, things like that are commonplace. I can’t truly understand what they feel as they live through each day.<br><br>If even death like that has become part of everyday life, and they can no longer be moved by it—<br>then what do they feel as they go on living?",旅を続ける,Continue the journey
akane1-6,キャラクターエピソード アカネ : 6,Character Episode アカネ : 6,わたしの、やるべきこと,What I Must Do,やるべきことをやるために、彼女は一人、去っていった。<br>止めることはできなかった。やるべきことというのは、命よりも大切なのだろうか。わからない。彼女自身にだって、きっと優劣はつけられない。<br><br>ただ、それでも。<br>こんな世の中で過ごしていても、自分の信じるものを真っ直ぐに見つめていた彼女のことを、うらやましいと思う。,"She left alone to do what she believed she had to do.<br>I couldn’t stop her. Is what you have to do really more important than your life? I don’t know. Surely even she couldn’t say that one was more important than the other.<br><br>Even so.<br>I envied her for being able to look straight at what she believed in, even while living in a world like this.",-,-
minamo1-1,キャラクターエピソード ミナモ : 1,Character Episode ミナモ : 1,恩人,Benefactor,ナツノが一度捨てたスマホを、彼女のところまで届けてくれた少女──ミナモと再会した。<br><br>彼女は今も、行く先もなく放浪しているらしい。ミナモはナツノと顔を合わせることに気まずさを感じていたようだけれど、二人が話しているのを聞くと、どうしてか穏やかな気持ちになった。,"I reunited with Minamo, the girl who had delivered the smartphone Natsuno once threw away back to her.<br><br>Apparently, she is still wandering without anywhere to go. Minamo seemed awkward about facing Natsuno, but listening to the two of them talk somehow left me feeling at ease.",旅を続ける,Continue the journey
minamo1-2,キャラクターエピソード ミナモ : 2,Character Episode ミナモ : 2,息苦しさの中で,In a Stifling World,世の中の生きづらさとか、息苦しさとか。そういうものから解放されて、自由な世界を満喫している。<br>終わってしまった、何もないこの世界を、ミナモは受け入れているようだった。でも、前向きな心持ちかというと、そうでもないように見える。<br><br>目的はないけれど、強いて挙げるなら、道場を探しているらしい。道場を見つけたとき、彼女は何を思うのだろう。,"She had been freed from the difficulty and suffocating pressure of living in the world, and was enjoying a world where she could be free.<br>Minamo seemed to have accepted this empty world after everything had ended. But it didn’t feel like she was looking forward to it, either.<br><br>She has no particular goal, but if she had to name one, she seems to be looking for a dojo. I wonder what she will think when she finds one.",道場を探す,Search for a dojo
minamo1-3,キャラクターエピソード ミナモ : 3,Character Episode ミナモ : 3,息苦しさの中で,In a Stifling World,望んで選んだわけではないものを、他人から押しつけられたものを、どうしてあんな風に受け入れられるのだろう──かつての先輩に抱いてた気持ちを、ミナモが小さく漏らした。<br><br>その話を、彼女はすぐにやめてしまった。何もない世界だけれど、彼女は今でも、何かを追い続けているかもしれないと、そう思った。,"Why can she accept so easily the things she never chose for herself, the things other people forced upon her?—Minamo quietly let out what she had once felt about an older student.<br><br>She quickly stopped talking about it. Even in this empty world, I felt that perhaps she was still searching for something.",道場を探す,Search for a dojo
minamo1-4,キャラクターエピソード ミナモ : 4,Character Episode ミナモ : 4,息苦しさの中で,In a Stifling World,何か問題があったわけではない。不自由なことなんて、何一つない。それでも、どうしてか生きづらくて。わかりやすい原因がないからこそ、解決することもできなくて。<br><br>どうして、みんなみたいに生きられなかったのだろう。<br>独り言のようにそう言う彼女は、今でも、世界が終わる前の苦しみの中にいるようだった。,"There wasn’t any particular problem. There was nothing she was forbidden from doing, nothing she couldn’t have. And yet, for some reason, she found it hard to live. Because there was no obvious cause, there was no way to solve it either.<br><br>Why couldn’t she live like everyone else?<br>When she said that almost to herself, she still seemed trapped in the pain she had felt before the world ended.",道場を探す,Search for a dojo
minamo1-5,キャラクターエピソード ミナモ : 5,Character Episode ミナモ : 5,息苦しさの中で,In a Stifling World,大きな学校の中に、道場を見つけた。<br>息苦しさを思い出す、とミナモは言う。でも本当に苦しかったのは、その息苦しさよりも、そう感じているのが自分だけみたいに思えたこと。みんなが、平気そうに見えたこと。<br><br>どうして自分は、他人にとっての当たり前を「気持ち悪い」なんて思ってしまうのだろう。今でもわからない、と彼女はどこか遠くを見る。,"We found a dojo inside a large school.<br>It reminded Minamo of that suffocating feeling, she said. But what had really hurt wasn’t the feeling itself—it was thinking she was the only one who felt that way. Everyone else had seemed perfectly fine.<br><br>Why did she have to think that what was ordinary for everyone else was “disgusting”? She still didn’t know, she said, staring off into the distance.",ミナモと手合わせをする,Practice kendo with Minamo
minamo1-6,キャラクターエピソード ミナモ : 6,Character Episode ミナモ : 6,わたしらしく、,Being Myself,世の中は生きづらいと思う。それはきっと、間違った感覚じゃない。<br>でも、そんな世の中で希望をもって生きている人たちの見る景色を、自分も見てみたいと思うことができて。向き合ってみようと思えて。なのに、そんなときに世界は崩れ去ってしまった。<br><br>向き合う世界がなくなってしまった。なら、自分の思うように生きてみると彼女は言う。自分らしく生きるというのがどういうことなのか──いつか、答えを見つけられたらいい。,"The world is difficult to live in. That feeling probably isn’t wrong.<br>But she had started to think that she wanted to see the world as the people who lived in it with hope saw it. She wanted to face it. And just when she had reached that point, the world collapsed.<br><br>There was no world left for her to face. So she said she would try living the way she wanted. What does it mean to live as herself?—Maybe someday she’ll find the answer.",-,-
hinase1-1,キャラクターエピソード ヒナセ : 1,Character Episode ヒナセ : 1,バイクで旅する女性,The Woman Traveling by Motorcycle,道の真ん中で、大きなバイクが立ち往生していた。<br>故障してしまったらしい。バイクの持ち主の女性、ヒナセとともに、修理するための部品を集めて旅することになった。<br><br>マニュアルを読んだり、分解したりしたから、機械にはそれなりに詳しいらしい。聡明そうだけれど、どこかマイペースな彼女は、バイクに乗ってどこを目指していたのだろう。,"A large motorcycle had broken down in the middle of the road.<br>Its owner, a woman named Hinase, apparently couldn’t get it running. I ended up traveling with her to gather the parts she needed to repair it.<br><br>She seems to know her way around machines, having read manuals and taken things apart herself. She seems intelligent, but also very much in her own world. Where had she been headed on that motorcycle?",バイクの部品を探す,Search for motorcycle parts
hinase1-2,キャラクターエピソード ヒナセ : 2,Character Episode ヒナセ : 2,バイクで旅する女性,The Woman Traveling by Motorcycle,見たことのないものを、見てみたい。<br>家に籠って本ばかり読んでいたという彼女は、いろんなものを見て回りたくて、旅をしているのだという。<br><br>育ちがよくて聡明な彼女は、彼女なりに、今まで得ることができなかった何かを、こんな世界で探し出そうとしているようだった。,"I want to see things I’ve never seen before.<br>She said she had spent most of her time at home reading books, and now she was traveling because she wanted to see all kinds of things for herself.<br><br>She was well educated and intelligent, and in her own way, she seemed to be searching in this world for something she had never been able to find before.",バイクの部品を探す,Search for motorcycle parts
hinase1-3,キャラクターエピソード ヒナセ : 3,Character Episode ヒナセ : 3,バイクで旅する女性,The Woman Traveling by Motorcycle,ヒナセと森を歩いた。<br>初めて来た森のような気がする。でも、どうしてそう思うのか、うまく説明できない。<br><br>都会の、コンクリートとアスファルトに囲まれたところで暮らしていて、何か失くしてしまったものがあるような気がする。それが何なのか、はっきりとはわからない。ただ、失くしている感覚だけがあって、それが、彼女を突き動かしている。,"I walked through the forest with Hinase.<br>It felt like the first time I had ever been there. But I couldn’t explain why I felt that way.<br><br>She had lived surrounded by concrete and asphalt in the city, and felt as though she had lost something. She didn’t know exactly what it was. All she had was the feeling that something was missing, and that feeling was what kept driving her forward.",バイクの部品を探す,Search for motorcycle parts
hinase1-4,キャラクターエピソード ヒナセ : 4,Character Episode ヒナセ : 4,何か、忘れている気がして,Feeling Like I’ve Forgotten Something,知識があるだけで、何も知らない気がする。そんな漠然とした不安を、彼女はずっと抱えてきた。漠然とし過ぎて、どうすることもできないまま。<br><br>何かを忘れている気がする。いつかこの「私」は、消えてなくなってしまって、あとには何も残らないような気がする。<br>今までなら、日々の忙しさに埋もれてしまっていただろう。そういうおぼろげな不安が、こんな世界だからこそ、目を背けられないくらいはっきりと立ちはだかってくるのかもしれないと思った。,"She had always felt that, despite having knowledge, she somehow knew nothing. It was a vague anxiety she had carried for a long time, too vague to do anything about.<br><br>She felt like she had forgotten something. Someday, this “me” would disappear, leaving nothing behind.<br>In the past, the busyness of everyday life would have buried that vague anxiety. But perhaps, in a world like this, it had become too clear to look away from.",バイクの部品を探す,Search for motorcycle parts
hinase1-5,キャラクターエピソード ヒナセ : 5,Character Episode ヒナセ : 5,森の中にいる、ということ,Being in the Forest,森の大きさを感じる。この森が、今の姿になるまでにかかった、時間の大きさ。<br>その中に、自分もいるのだと彼女は言った。森の中で寝そべって、土の匂いの中に身を沈めていると、自分もこの森の一部なんだという気がしてくる。この身が滅びても、きっとそこから、新しい命が芽吹くだろう。<br><br>消えてなくなったりしない──彼女は、静かに息をする。,"She could feel how vast the forest was—the immense span of time it had taken for it to become what it was now.<br>She said that she was part of it too. Lying in the forest, surrounded by the smell of earth, made her feel like she belonged to it. Even when this body decayed, new life would surely sprout from it.<br><br>It wouldn’t simply disappear—she breathed quietly.",バイクの部品を探す,Search for motorcycle parts
hinase1-6,キャラクターエピソード ヒナセ : 6,Character Episode ヒナセ : 6,バイクで旅する女性,The Woman Traveling by Motorcycle,バイクを修理して、ヒナセはまた一人で走り出した。<br>彼女はこれから、きっといろんなものに出会うだろう。そしてそのすべてに、彼女の歩んだ跡が残っていく。望もうと望むまいと、彼女の歩みは、やがて何かに受け継がれる。<br><br>彼女はバイクに乗って風を受ける。そうやって、この身で感じてやっと見つかるものが、たくさんあるのだろうと、そう思った。,"After repairing her motorcycle, Hinase set off alone again.<br>She would surely encounter all kinds of things from here on. And traces of her journey would be left in all of them. Whether she wanted them to or not, what she left behind would eventually be passed on to something else.<br><br>She rode into the wind on her motorcycle. I thought there must be many things you could only find by feeling them with your own body like that.",-,-
itsuka1-1,キャラクターエピソード イツカ : 1,Character Episode イツカ : 1,同じように生きなくても,We Don’t Have to Live the Same Way,イツカが朝起きて来ないことが多くなった。<br><br>何をしているのでもない、ただ、一緒に暮らしていく中で彼女の生き方が見えてきただけなんだろうと思う。少しずつ遠慮がなくなっているのだと思えば、悪いことでもない。<br><br>ナツノが眠ってしまって一人になった夜、何を考えて過ごしているだろうと思う。,"Itsuka started sleeping in later and later.<br><br>It wasn’t that she was doing anything in particular. I think I was simply beginning to see the way she lived as we spent more time together. If it meant she was slowly becoming less reserved around me, maybe that wasn’t a bad thing.<br><br>On the nights when Natsuno fell asleep and she was left alone, I wondered what she spent her time thinking about.",旅を続ける,Continue the journey
itsuka1-2,キャラクターエピソード イツカ : 2,Character Episode イツカ : 2,深夜,Late at Night,何も解決していない。まだ、見つけられていないだけかもしれない。<br><br>ないものをないと証明するのは難しい。できないかもしれない。まだ見つけられていないだけで、起きたことに原因はあるかもしれない。<br><br>でも、それを求めることでナツノを苦しめたくない──イツカは星の瞬く夜空を見上げる。朝日が昇ってくるまで、ずっと。,Nothing has been resolved. Maybe we just haven’t found the answer yet.<br><br>It’s difficult to prove that something that doesn’t exist truly doesn’t exist. Maybe it can’t be done. Just because we haven’t found it yet doesn’t mean there isn’t a cause for what happened.<br><br>But I don’t want to hurt Natsuno by searching for it—Itsuka looks up at the star-filled night sky. She stays there until the sun rises.,旅を続ける,Continue the journey
itsuka1-3,キャラクターエピソード イツカ : 3,Character Episode イツカ : 3,同じ名前の女性,The Woman with the Same Name,安息の地を求めて旅をする一家と出会った。<br>彼らは少し前に、また別の集団とも出くわしていたらしい。その集団には、異様な魅力をもった女性がいて──その女性の名が、祖母と同じだった。<br><br>祖母と同じ名前の、「寂しさ」を和らげてくれる女性。もしかしたら、この世界にはまだ秘密があるのだろうか？<br>それとも、これもまた、ただの偶然なのだろうか？,We met a family traveling in search of a place where they could live in peace.<br>They had apparently encountered another group not long before. There was a woman among them with an extraordinary presence—and her name was the same as my grandmother’s.<br><br>A woman with my grandmother’s name who could ease “loneliness.” Could there still be some secret hidden in this world?<br>Or was this just another coincidence?,旅を続ける,Continue the journey
itsuka1-4,キャラクターエピソード イツカ : 4,Character Episode イツカ : 4,後悔,Regret,仮想世界は、この現実の世界とは少し違う、「もしかしたらあったかもしれない」世界。この世界では生まれなかった人や、もう死んでしまった人だって生きている。だから──現実では死んでしまった祖母が、仮想世界ではまだ生きているかもしれない。<br><br>それでも、彼女は悩んでいる。誰かを苦しめるなら、真実なんて明らかにしない方がいいのかもしれない。,"A virtual world is slightly different from the real world—a world of things that “might have been.” People who were never born in this world, or who have already died, may still be alive there. So—my grandmother, who died in reality, might still be alive in the virtual world.<br><br>Even so, she is troubled. If revealing the truth would only cause someone pain, maybe it would be better left unknown.",旅を続ける,Continue the journey
itsuka1-5,キャラクターエピソード イツカ : 5,Character Episode イツカ : 5,いくつもの真実,Many Different Truths,馬が合わないクラスメイトだっていた。言うことが正反対で、話がかみ合わないことだってたくさんあった。<br>でも、だからってケンカしないといけないわけじゃない。毎日笑顔で話ができたし、友達だった。<br><br>同じように、考えが違ったって、一緒に生きていくことはできるかもしれない。<br>でも、本当にそうだろうか？　その違いが、あまりにも深いところにあったとき、二人はそれでも一緒にいることができるだろうか？,"There were classmates I didn’t get along with. Sometimes we thought the complete opposite of each other, and often couldn’t see eye to eye.<br>But that didn’t mean we had to fight. We could still smile and talk every day. We were friends.<br><br>Maybe it’s the same when people think differently. Maybe we can still live together.<br>But can we really? If the difference between two people goes too deep, can they still stay together?",旅を続ける,Continue the journey
itsuka1-6,キャラクターエピソード イツカ : 6,Character Episode イツカ : 6,ともに生きるために,To Live Together,イツカは、彼女の求める真実を探すために旅立った。<br>その先で、彼女は何かを見つけるだろうか。彼女が受け入れられて、信じることができる「物語」はあるだろうか。<br>たぶん、彼女次第だろうと思う。目の前にあるものが、どんな風に見えるのか──それはイツカにかかっている。<br><br>再会したとき、二人がともに生きていくことができればいい。<br>いつか、きっと彼女は帰ってくる。,"Itsuka set out to search for the truth she was looking for.<br>Will she find something along the way? Is there a “story” she can accept and believe in?<br>Probably, it depends on her. How she sees the things in front of her—it all depends on Itsuka.<br><br>I hope that when we meet again, the two of them will be able to live together.<br>Someday, surely, she will come back.",-,-
meguru1-1,キャラクターエピソード メグル : 1,Character Episode メグル : 1,放浪する少女,The Wandering Girl,絵を描きながら放浪する少女、メグルと出会った。<br><br>絵を描いているところをまじまじと見られるのは嫌いらしい。彼女は何かを探しているようで、しばしの間、行動をともにすることになる。,"I met Meguru, a girl who wandered from place to place while painting.<br><br>Apparently, she doesn’t like people staring at her while she paints. She seemed to be looking for something, so we ended up traveling together for a while.",画材を探す,Search for art supplies
meguru1-2,キャラクターエピソード メグル : 2,Character Episode メグル : 2,絵を描く少女,The Girl Who Paints,絵具はもちろんなくなるし、壊れてしまったり、長く使っているとだめになってしまうものもある。<br>今はまだ、町から出て行った人々が残した品をあさって確保できる。でもやがて底を尽きるだろう。絵具に限らず、食料や、衣服のようなものだっていずれそうなる。<br><br>かたちのない知識や風習のようなものは、もうとっくに多くが失われてしまった──そう思うと、どうしようもない気持ちになる。,"Paint runs out, of course, and some things break or wear out after being used for a long time.<br>For now, there are still supplies left behind by people who have abandoned the towns, and we can search through them for what we need. But eventually, they will run out. Not just paint, either—food, clothes, everything will eventually run out.<br><br>So much intangible knowledge and tradition has already been lost. Thinking about that leaves me with a helpless feeling.",画材を探す,Search for art supplies
meguru1-3,キャラクターエピソード メグル : 3,Character Episode メグル : 3,絵を描く少女,The Girl Who Paints,母親が絵が好きだったから──絵を描く理由を、彼女はそんな風に語った。<br>幼い頃から、何かと絵に触れる機会が多かったらしい。<br><br>こんなことになってしまう前の彼女の私生活や家庭のようなものがうまく想像できない。気ままで自由に見える彼女は、どんなところで生まれ、育ったのだろう。,"Her mother loved painting—that was how she explained why she painted.<br>Apparently, she had plenty of opportunities to be around art from a young age.<br><br>I can’t really imagine what her private life or family were like before everything became like this. She seems carefree and free-spirited, but where was she born, and how did she grow up?",画材を探す,Search for art supplies
meguru1-4,キャラクターエピソード メグル : 4,Character Episode メグル : 4,絵を描く少女,The Girl Who Paints,彼女はどこかを目指しているらしい。でもそれがどこなのか教えてくれない。<br><br>彼女と話をする中で、少しずつ彼女のもとの暮らしが見えてくる。クラシック音楽、生け花、バレエ、バイオリン......今の彼女の風貌からは想像できないようなことばかりだった。<br>それが嫌になって、今の彼女がある──だけど、それでも絵だけは描き続けている。彼女は悲しげに語った。,"Apparently, she is heading somewhere. But she won’t tell me where.<br><br>As I talk with her, I gradually get a glimpse of what her life used to be like. Classical music, flower arranging, ballet, violin......none of it is what I would have imagined from the way she looks now.<br>She grew tired of all that, and became who she is now—but she still keeps painting. She told me that sadly.",画材を探す,Search for art supplies
meguru1-5,キャラクターエピソード メグル : 5,Character Episode メグル : 5,絵を描く少女,The Girl Who Paints,彼女が住んでいた家を訪れた。<br><br>絵を描くことだけはやめられなかった。<br>好きだからというだけではなく、親に勧められたからというだけではなく、彼女に描かせる何かがあるのだと言う。先祖代々そうしてきた、そういう時間の重さかもしれない。辞めてしまったら今までやってきたことがすべて無駄になってしまう、そういう虚しさかもしれない。<br><br>その気持ちの正体は、彼女自身にさえまだわからない。,"We visited the house where she used to live.<br><br>Painting was the one thing she couldn’t give up.<br>She said it wasn’t simply because she liked it, or because her parents had encouraged her. There was something that made her keep painting. Maybe it was the weight of the time her ancestors had spent doing the same thing. Maybe it was the emptiness of feeling that everything she had done would be meaningless if she stopped.<br><br>Even she still doesn’t know what that feeling really is.",画材を探す,Search for art supplies
meguru1-6,キャラクターエピソード メグル : 6,Character Episode メグル : 6,絵を描き続ける少女,The Girl Who Keeps Painting,彼女はこれからも絵を描き続ける。<br><br>どうして絵を描くのか、そう自問してもやっぱり答えは出ない。<br>でも、いろんなものが失われたり、日々崩れていく中で、描いているこの絵はまだ続いているのだと思う。彼女が今描いているというだけではない、ずっと昔から受け継がれてきた文化や流れの、その先にいる。<br>それが素晴らしいことだと、彼女は前向きに考えることができる。,"She will keep painting.<br><br>Even when she asks herself why she paints, she still can’t find an answer.<br>But with so many things being lost and the world falling apart day by day, she feels that the painting she is working on is still continuing. She is not simply painting something now; she is carrying on a culture and a tradition passed down from long ago.<br>She is able to think of that as something wonderful.",-,-
-,,,,,,,,
kiko2-1,キャラクターエピソード キコ : 2 - 1,Character Episode キコ : 2 - 1,犬と旅する少女,The Girl Traveling with a Dog,かつて飼い犬を探してともに旅した少女、キコと再会した。<br><br>彼女が家族と飼っていた愛犬ミノタローは、ナツノと二人で埋葬した。だから、もちろん、彼女が今連れているのはミノタローではない。彼女はどうして、犬と一緒に歩いていたのだろう。あのあと、彼女に何があったのだろう。,"I reunited with Kiko, the girl I once met while she was traveling with Natsuno in search of her dog.<br><br>Her beloved dog Minotaro, whom she and her family had raised, was buried by Natsuno and Kiko together. So of course, the dog she has with her now isn’t Minotaro. Why was she walking with another dog? What happened to her after that?",動物を探す,Search for animals
kiko2-2,キャラクターエピソード キコ : 2 - 2,Character Episode キコ : 2 - 2,犬と旅する少女,The Girl Traveling with a Dog,ナツノと別れたあと、キコに行く先なんてなかった。<br>愛犬と同じところに行けるなら、それでもいいと思っていた。<br><br>けれど、彼女は町の中で一匹の犬と出会った。かつて誰かに飼われていた犬。もう二度と戻ってこない家族を、ずっと待ち続ける犬。<br>キコは、その弱った犬を放っておくことができなかった。犬の孤独、彼女自身と重なった。<br><br>その出会いだって、ただの偶然。でも、その偶然が、今の彼女をつくっている。,"After parting with Natsuno, Kiko had nowhere to go.<br>She thought she would be fine even if she could go wherever her beloved dog had gone.<br><br>But then she met a dog in town. A dog that had once belonged to someone. A dog that kept waiting for a family who would never come back.<br>Kiko couldn’t leave the weakened dog behind. Its loneliness reminded her of her own.<br><br>Even that meeting was just a coincidence. But that coincidence shaped the person she is now.",動物を探す,Search for animals
kiko2-3,キャラクターエピソード キコ : 2 - 3,Character Episode キコ : 2 - 3,犬と旅する少女,The Girl Traveling with a Dog,彼女は今、町に取り残された動物たちを助けて回っているのだという。<br>キコの家族は、ミノタローと一緒に町を出た。道半ばで別れることになってしまったけれど、そうなるまではずっと一緒だった。けれどすべての動物たちがそうだったわけではない。どうしようもなく、取り残された命がある。<br><br>彼女はキャンプの人々とともに、そういう命を救っている。<br>ミノタローのあとを追おうとしていた頃とは違うけれど、あのときと同じくらい、彼女のことを遠くに感じた。,"Apparently, she now travels around helping animals left behind in the towns.<br>Kiko’s family left town with Minotaro. They were separated partway through the journey, but until then, they had always been together. But not every animal was so lucky. Some lives were simply left behind, with no one able to help them.<br><br>She is saving those lives together with the people at the camp.<br>She is different from the girl who once wanted to follow after Minotaro, but she still feels just as far away.",動物を探す,Search for animals
kiko2-4,キャラクターエピソード キコ : 2 - 4,Character Episode キコ : 2 - 4,犬とともに生きる少女,The Girl Living with a Dog,彼女一人で救える命の数はとても少ない。彼女が救おうと救うまいと、ほんのわずかな差でしかない。世の中は変わったりしないし、未来に違いがあったりしない。<br><br>それでも、彼女はやめない。自分の命を危険に晒しても、死んでしまうよりも苦しいことがある。命を捨てるわけではない、けれど、諦めたくないものがある。<br><br>犬と一緒に去っていく彼女は、出会った頃よりも、ずっとしっかり歩んでいた。,"There are very few lives she can save on her own. Whether she saves them or not makes only the smallest difference. The world won’t change, and the future won’t be any different.<br><br>Even so, she won’t stop. Even if it means risking her own life, there are things more painful than dying. She isn’t throwing her life away, but there are things she refuses to give up on.<br><br>As she left with the dog, she walked with far more confidence than she had when we first met.",-,-
shino2-1,キャラクターエピソード シノ : 2 - 1,Character Episode シノ : 2 - 1,写真を撮る少女,The Girl Who Takes Photos,シノと再会した。<br>初めて出会ったときと変わらない明るさで、彼女は笑った。<br><br>故郷に帰る──彼女はその目的を果たしたらしい。遠い故郷の町に帰り、そしてまたここに戻ってきた。彼女はいったい、どんな旅をしたのだろう。ナツノもいろんなものに出会い、いろんなことを感じた。きっと彼女にも、同じくらいたくさんの思い出があるだろう。,"I reunited with Shino.<br>She smiled with the same brightness she had when we first met.<br><br>She had apparently accomplished what she set out to do: return to her hometown. She went back to that distant town, and then came all the way back here again. What kind of journey did she have? Natsuno had met all kinds of people and experienced all kinds of things. Surely Shino had just as many memories of her own.",写真を撮る,Take photos
shino2-2,キャラクターエピソード シノ: 2 - 2,Character Episode シノ: 2 - 2,写真を撮る少女,The Girl Who Takes Photos,何も思えなかった。<br>故郷の町にたどり着き、憶えているのと変わらない景色を、あるいは無残に変わり果ててしまった姿を見て、でも彼女は何も思うことができなかった。<br><br>本当に何も感じなかったわけではないだろう。けれどそれは彼女が期待していたものではなかった。故郷に帰って、彼女はやっと、自分の本当の気持ちに気がついた。,"She couldn’t feel anything.<br>When she reached her hometown and saw the scenery just as she remembered it—or saw how horribly it had changed—she still couldn’t feel anything.<br><br>It wasn’t that she truly felt nothing. But it wasn’t what she had expected. By returning home, she finally realized how she really felt.",写真を撮る,Take photos
shino2-3,キャラクターエピソード シノ: 2 - 3,Character Episode シノ: 2 - 3,写真を撮る少女,The Girl Who Takes Photos,故郷から離れると、帰りたいと思う。でも帰ってみると、どうして帰りたかったのかわからなくなる。<br>彼女にとって、そこには何もなかった。家族や友人がすでに町を出ていたというだけでなく、何も感じることができなかった。<br><br>なら、故郷に帰りたいと思っていたあの気持ちは勘違いだったのだろうか？　故郷に帰りたかったわけではない？<br>そうではない、と彼女は言う。あの気持ちだって本当だった。いつか虚しく思うとしても、今感じていることは嘘ではない。,"When she is away from her hometown, she wants to go back. But once she returns, she no longer knows why she wanted to.<br>There was nothing there for her. Not only had her family and friends already left the town, but she couldn’t feel anything there anymore.<br><br>So was the feeling that made her want to go home all a misunderstanding? Did she never really want to return?<br>She says that isn’t true. That feeling had been real too. Even if she eventually comes to feel empty about it, what she feels now isn’t a lie.",写真を撮る,Take photos
shino2-4,キャラクターエピソード シノ: 2 - 4,Character Episode シノ: 2 - 4,写真を撮り続ける少女,The Girl Who Keeps Taking Photos,この町だって、誰かにとっての故郷だから──彼女は写真を撮る。<br>その写真を誰かに見せるためかといえば、きっとそうではない。見てくれる人がいたらいい。でも、いなくても彼女は撮り続けるだろう。誰かのために写真に残したいと思う、その気持ちだけで、旅を続けることができる。<br><br>もしいつか後悔しても、今の彼女の気持ちが嘘になるわけではない。<br>彼女は確かな足取りで、今を生きている。,"Because this town is someone’s hometown too, she takes photographs.<br>It isn’t necessarily because she wants someone to see them. It would be nice if someone did. But even if no one ever does, she will probably keep taking them. The simple desire to preserve someone’s home in photographs is enough to keep her traveling.<br><br>Even if she regrets it someday, that won’t make what she feels now a lie.<br>She is living in the present, taking each step with certainty.",-,-
minamo2-1,キャラクターエピソード ミナモ : 2 - 1,Character Episode ミナモ : 2 - 1,村で暮らす少女,The Girl Living in a Village,竹刀を背負った少女、ミナモと再会した。<br>彼女は今、偶然見つけた村で暮らしているらしい。三十人ほどの人々と、井戸水を汲み、畑を耕して生きている。<br><br>そこにはきっと、小さないながらも社会があるだろう。世界がこんな風になってしまう前、彼女が拒んでいた空気が今も漂っている。それでも彼女は望んで、その息苦しさの中で生きようとしていた。,"I reunited with Minamo, the girl carrying a bamboo sword on her back.<br>Apparently, she now lives in a village she happened to find. About thirty people live there, drawing water from a well and cultivating fields to survive.<br><br>There must be a small society there, despite its size. The same atmosphere she once rejected before the world became like this still lingers there. Even so, she has chosen to live within that suffocating feeling.",役立つものを探す,Search for useful supplies
minamo2-2,キャラクターエピソード ミナモ : 2 - 2,Character Episode ミナモ : 2 - 2,剣道を教える少女,The Girl Who Teaches Kendo,彼女は、村の子供たちに剣道を教えているらしい。こんな世では、自由に遊びまわるのも難しいだろう。子供たちにとっては、いい退屈しのぎかもしれないと彼女は言う。<br><br>なんだかんだと言いながら、彼女自身、そうして子供たちの面倒を見ることにやりがいを感じていた。そしてまた、そうして大人の立場になって思うこともある。<br>一人で歩いていた頃とは違う何かを、彼女は感じ始めているようだった。,"Apparently, she teaches kendo to the children in the village. In a world like this, it must be difficult for children to run around and play freely. She says it might at least be a good way for them to pass the time.<br><br>For all her complaints, she herself found a sense of purpose in looking after the children. And taking on the role of an adult made her think about things differently too.<br>She seemed to be beginning to feel something different from what she had when she walked alone.",役立つものを探す,Search for useful supplies
minamo2-3,キャラクターエピソード ミナモ : 2 - 3,Character Episode ミナモ : 2 - 3,剣道を教える少女,The Girl Who Teaches Kendo,子供たちを守らなければならない。<br>今までずっと守ってもらう立場だったのだと彼女は言う。でも今暮らす村で、彼女は大人とみなされることもある。そうして今まで感じたことのなかった気持ちで、子供たちのことを見ている。<br><br>あの息苦しさは、もしかしたら、そんな大人たちの思いによってつくられていたのかもしれない。<br>そう納得して、でも、納得してしまうことが悔しいと、彼女は言った。,"She has to protect the children.<br>She says she had always been the one being protected. But in the village where she lives now, she is sometimes seen as an adult. She looks at the children with feelings she had never experienced before.<br><br>Maybe that suffocating feeling was created by the feelings of adults like that.<br>She said she could accept that—but she was frustrated that she could.",役立つものを探す,Search for useful supplies
minamo2-4,キャラクターエピソード ミナモ : 2 - 4,Character Episode ミナモ : 2 - 4,村で生きる少女,The Girl Living in a Village,あの息苦しさの中で、また別の立場に立ってみてわかったこともある。それはきっと彼女にとっていい変化だっただろう。<br>でも、納得したくない、受け入れたくないと思うこともある。あるいは、自分が今、子供たちにあの息苦しさを感じさせているのかもしれないと思うと、何より悲しい。<br><br>そういういろんな思いの落としどころが見つかればいい、と彼女は言った。<br>きっと誰だって、そういう迷いの中で、他人と一緒に生きているのだと思う。,"Living in that suffocating world and then taking on a different position taught her things she could never have understood before. That was probably a good change for her.<br>But there are still things she doesn’t want to accept or come to terms with. And the thought that she might now be making the children feel that same suffocating pressure hurts more than anything.<br><br>She said she hoped she could find somewhere to put all those conflicting feelings to rest.<br>Everyone, she thought, probably lives alongside other people while carrying that kind of uncertainty.",-,-
hinase2-1,キャラクターエピソード ヒナセ : 2 - 1,Character Episode ヒナセ : 2 - 1,バイクで旅した女性,The Woman Who Traveled by Motorcycle,バイクに乗って旅を続ける女性、ヒナセと再会した。<br>シノを故郷の町まで送り届けて、それからまた一人で旅を続けているらしい。<br><br>ナツノがこれまでに見聞きしたことを話しても、彼女は笑っていた。その独特な雰囲気に、なんだか安心してしまう。,"I reunited with Hinase, the woman who continues traveling by motorcycle.<br>Apparently, after taking Shino back to her hometown, she went on traveling alone again.<br><br>Even when Natsuno told her about everything she had seen and heard, she just laughed. Somehow, her unique presence made me feel at ease.",燃料を探す,Search for fuel
hinase2-2,キャラクターエピソード ヒナセ : 2 - 2,Character Episode ヒナセ : 2 - 2,バイクで旅した女性,The Woman Who Traveled by Motorcycle,シノと喧嘩をしたのだと彼女は語った。<br>シノ自身思い悩んで、自分の気持ちの整理がつかないところに、あれやこれや訊いてしまった。どうして気になるのかと問われて、でも彼女は何も答えられなかった。<br><br>どうして知りたいのか──言葉にすることができない自分の気持ちのことを、彼女はずっと考えている。,"She said she had argued with Shino.<br>Shino herself had been struggling to sort out her feelings, and Hinase kept asking her questions about this and that. When Shino asked why she cared so much, Hinase couldn’t answer.<br><br>Why did she want to know? She kept thinking about feelings she couldn’t put into words.",燃料を探す,Search for fuel
hinase2-3,キャラクターエピソード ヒナセ : 2 - 3,Character Episode ヒナセ : 2 - 3,バイクで旅した女性,The Woman Who Traveled by Motorcycle,旅をする人々と話をして、彼女はまた考える。<br>誰かと話をすることで気づくことがある。普段の自分の考えは曖昧でかたちがないけれど、誰かと話すと、そういうものの輪郭にふと手が届いたりする。<br><br>誰かに説明するためだけではない、自分自身が納得するために、彼女は言葉を探している。,"Talking with people she met on the road made her think again.<br>Sometimes you discover things by talking to someone. Your thoughts are usually vague and shapeless, but when you talk to someone, you can sometimes reach out and finally grasp their outline.<br><br>She searches for words not just to explain herself to someone else, but so that she herself can understand.",燃料を探す,Search for fuel
hinase2-4,キャラクターエピソード ヒナセ : 2 - 4,Character Episode ヒナセ : 2 - 4,バイクで走り続ける女性,The Woman Who Keeps Riding,人との出会いを求めて、彼女はこれからも旅を続ける。<br>そして本を書く。自分のための日記ではない、誰かに読んでもらうための本。言葉を綴りながら、彼女は少しずつ自分のことを知っていく。<br><br>本を書くだなんていうと、なんだか途方もないことのように思う。でも、一文字一文字書き連ねていった先に、きっと彼女の知りたいことがあるのだろう。,"She will keep traveling, looking for encounters with other people.<br>And she will write a book. Not a diary for herself, but a book for someone else to read. As she puts words on the page, she gradually learns more about herself.<br><br>Writing a book sounds like something impossibly ambitious. But somewhere at the end of all those words, one after another, she will probably find what she wants to know.",-,-
akane2-1,キャラクターエピソード アカネ : 2 - 1,Character Episode アカネ : 2 - 1,足を失った女性,The Woman Who Lost Her Leg,再会したアカネは、左足の脛から下を失っていた。<br><br>感染し、金属の管が生えていた左足。切り落とされ、手づくりの義足になったけれど、立ち姿はむしろ以前の彼女に戻ったように思えた。感染した足を引きずっていた頃より、ずっと軽やかだった。<br><br>自分で切り落としたわけではない──あれから、彼女はどんな時間を過ごしたのだろう。,"When I met Akane again, she had lost everything below her left knee.<br><br>Her left leg, where she had been infected and a metal tube had grown out of it, had been cut off and replaced with a handmade prosthetic. Yet somehow, seeing her standing made me feel like she had returned to the way she used to be. She seemed much lighter on her feet than when she had been dragging her infected leg behind her.<br><br>She hadn’t cut it off herself—what kind of time had she lived through since then?",生き続ける,生き続ける
akane2-2,キャラクターエピソード アカネ : 2 - 2,Character Episode アカネ : 2 - 2,足を失った女性,The Woman Who Lost Her Leg,寝て起きたら、足がなくなっていた──笑いながら彼女はそう話した。<br><br>それがどんな衝撃だったのか、想像することもできない。麻酔が切れたあとの痛みと、身体の一部を失ったショックは、きっと凄まじいものだろう。<br>人の足を切り落とす手術を一人でこなしたというその女性の心境も、察するに余りある。<br><br>それでも今は笑って、その人に出会えてよかったと、彼女は言う。,"“I went to sleep, and when I woke up, my leg was gone,” she said with a laugh.<br><br>I can’t even imagine what kind of shock that must have been. The pain after the anesthesia wore off, and the shock of losing part of your body, must have been overwhelming.<br>The woman who had to perform surgery to cut off a human leg all by herself must have gone through something beyond comprehension as well.<br><br>Even so, she can laugh about it now, and says she is glad she met that woman.",生き続ける,生き続ける
akane2-3,キャラクターエピソード アカネ : 2 - 3,Character Episode アカネ : 2 - 3,生き続けるということ,What It Means to Keep Living,感染した足を失って、生き続けていること。<br>彼女が生きていること、それ自体が、誰かの希望になるかもしれない。<br><br>感染した足を調べても何もわからなかった。でも、だからってできることがないわけでもない。感染した部分を切除することで、命を繋ぐことができるかもしれない。彼女は自分が生き続けることで、それを証明しようとしている。<br><br>暗闇を歩き続けるような日々の中で、彼女は希望を見出している。,"She lost her infected leg, and she is still alive.<br>Her being alive might itself become someone else’s hope.<br><br>Examining the infected leg didn’t reveal anything. But that doesn’t mean there is nothing we can do. Removing the infected part might be enough to save a life. By continuing to live, she is trying to prove that.<br><br>In days that feel like walking through darkness, she has found hope.",生き続ける,生き続ける
akane2-4,キャラクターエピソード アカネ : 2 - 4,Character Episode アカネ : 2 - 4,生き続けるということ,What It Means to Keep Living,誰かの希望になるために、彼女は旅立った。<br><br>行く先で、彼女はたくさんの人々と出会うだろう。感染して、でもまだ意識のある人。彼女と同じように身体の一部を切り落とした人。彼女を救った女性がそうだったみたいに、思いもよらない出会いが新しい希望になるかもしれない。<br><br>彼女が生き続ける限り、誰かの希望になる。<br>そしてそれが、彼女自身の希望でもある。,"She set out to become someone’s hope.<br><br>Along the way, she will meet many people. People who have been infected but are still conscious. People who, like her, have had part of their bodies removed. Just as the woman who saved her did, an unexpected encounter might become a new source of hope.<br><br>As long as she keeps living, she can be someone’s hope.<br>And that, in turn, is her own hope.",-,-
itsuka2-1,キャラクターエピソード イツカ : 2 - 1,Character Episode イツカ : 2 - 1,旅から戻った少女,The Girl Who Returned from Her Journey,祖母と同じ名前の人を探しに行く──そう言って旅立ったイツカが、戻ってきた。<br><br>山の中の村で、彼女はその少女に会えたらしい。彼女は奇妙な雰囲気をもっていて、村の人々は彼女を信仰していた。彼女と話してみて、普通ではないとわかった。<br><br>彼女と話していると、寂しさから解放される気がする──イツカはそう言った。,"Itsuka set out to find someone with the same name as her grandmother—and now she has returned.<br><br>Apparently, she met that girl in a village in the mountains. The girl had a strange presence, and the villagers worshipped her. After talking to her, Itsuka realized that she was far from ordinary.<br><br>Talking to her made Itsuka feel as though she could be free of her loneliness.",旅を続ける,Continue the journey
itsuka2-2,キャラクターエピソード イツカ : 2 - 2,Character Episode イツカ : 2 - 2,旅から戻った少女,The Girl Who Returned from Her Journey,彼女には、「寂しさ」を解消するちからがあるのかもしれない。彼女と話をすると身体の変容が止まったという噂さえ聞く。<br>彼女はご神託を受けたと言っているようだけれど、もしそうなら、本当にこの世界の救世主なのかもしれない。<br><br>けれどもイツカは彼女の話を受け入れられなかった。彼女もまた、イツカの体験してきたことを否定した。<br><br>それぞれが別々のものを信じている、イツカはそう言い、肩を落とした。,"She might have the power to ease “loneliness.” There were even rumors that talking to her could stop people’s bodies from changing.<br>She apparently claimed to have received a divine revelation, and if that was true, she might really be the savior of this world.<br><br>But Itsuka couldn’t accept what she said. And the girl also rejected what Itsuka had experienced.<br><br>“We each believe in different things,” Itsuka said, lowering her shoulders.",旅を続ける,Continue the journey
itsuka2-3,キャラクターエピソード イツカ : 2 - 3,Character Episode イツカ : 2 - 3,旅から戻った少女,The Girl Who Returned from Her Journey,ナツノがたどり着いた結論も、あの村で少女が語ったご神託も、真実かもしれないし、そうではないかもしれない。<br>けれど重要なのは、誰が何を信じているのか、ということなのかもしれない。ナツノと少女は、それぞれ別々のものを信じている。<br><br>イツカはナツノの結論を受け入れられず、少女の言うご神託も信じられなかった。自分が声を聞いたことには、何か意味があるのだと思いたい。<br><br>でも、時間が解決してくれるのかもしれないと彼女は言う。,"The conclusion Natsuno reached and the divine revelation the girl spoke of in that village might both be true, or neither might be.<br>But perhaps what matters is who believes what. Natsuno and the girl each believe in something different.<br><br>Itsuka couldn’t accept Natsuno’s conclusion, and she couldn’t believe the girl’s revelation either. She wants to believe that there was some meaning behind hearing that voice.<br><br>But maybe time will resolve it, she said.",旅を続ける,Continue the journey
itsuka2-4,キャラクターエピソード イツカ : 2 - 4,Character Episode イツカ : 2 - 4,旅に出る少女,The Girl Who Sets Out on a Journey,人の数だけ、真実がある。<br>信じていることが違ったりしても、ともに生きていけないわけでもない。何を信じていいかわからなくなることがあるかもしれないけれど、そんなのは失恋と同じで、時間が解決してくれるだろう。<br><br>そういう時間が流れ去るのを待つために、そしていろんなものを見るために、イツカは旅に出る。彼女には彼女の真実があるだろう。それはたぶん、ナツノとも、あの村の少女とも違う。<br><br>それでもまたどこかで会おうと、二人は約束をした。,"There are as many truths as there are people.<br>Even if people believe different things, that doesn’t mean they can’t live together. Sometimes you may no longer know what to believe, but perhaps time will resolve it, just as it does with heartbreak.<br><br>Itsuka sets out on a journey to wait for that time to pass, and to see all kinds of things. She will have a truth of her own. It will probably be different from Natsuno’s, and different from the truth of the girl in that village.<br><br>Even so, the two promised that they would meet again somewhere someday.",-,-
meguru2-1,キャラクターエピソード メグル : 2 - 1,Character Episode メグル : 2 - 1,妹と出会った少女,The Girl Who Met Her Sister,再会したメグルは、小さな子供と一緒だった。<br>亡くなった母親が連れていた、妹なのだという。メグルと父親のもとを離れた母親が、新しい恋人とつくった子供。妹がいたという事実に驚き、知らなかったことを悲しいと思う。<br><br>けれども彼女が妹を見る目は優しく、あたたかい。,"When I reunited with Meguru, she was with a small child.<br>Apparently, the child was her younger sister, who had been with their late mother. Her mother had left Meguru and her father and had a child with a new partner. She was shocked to learn she had a sister, and saddened that she had never known.<br><br>Even so, the way she looked at her little sister was gentle and warm.",旅を続ける,Continue the journey
meguru2-2,キャラクターエピソード メグル : 2 - 2,Character Episode メグル : 2 - 2,妹と出会った少女,The Girl Who Met Her Sister,母親が死んで悲しい。でも、悲しいのは死んで会えなくなったことだけではない。<br><br>彼女の母親は、これから先、新しい何かに出会うことはない。娘の成長を見ることはないし、新しい趣味を見つけることもない。生きている間は、未来にどんな可能性だってあったんだと思う。けれど死んでしまって、すでにすべてが決まった過去の存在になってしまった。<br><br>それが何より悲しいと彼女は言う。,"She is sad that her mother died. But it isn’t only because she can no longer see her.<br><br>Her mother will never encounter anything new again. She won’t see her daughter grow up, or discover a new hobby. While she was alive, the future held every possible possibility. But after death, everything has become a fixed past.<br><br>That, she said, was what made her saddest of all.",旅を続ける,Continue the journey
meguru2-3,キャラクターエピソード メグル : 2 - 3,Character Episode メグル : 2 - 3,妹と出会った少女,The Girl Who Met Her Sister,妹に画用紙とクレヨンを渡してみる。<br>すると思うとは、楽しそうに絵を描き始めた。<br><br>そういう日常の一つひとつを、メグルは穏やかに受け入れらているように見えた。妹を見ていると、母親のことを思い出す。そして、自分もその母親の子なんだと実感する。<br><br>そんな彼女の弱音が減って、なんだか少し、寂しかった。,"Meguru gave her little sister drawing paper and crayons.<br>She started drawing happily, just as Meguru expected.<br><br>Meguru seemed to be calmly accepting each of those little pieces of everyday life. Looking at her sister reminded her of her mother. And she realized that she, too, was her mother’s daughter.<br><br>She complained less after that, and somehow, I felt a little lonely.",旅を続ける,Continue the journey
meguru2-4,キャラクターエピソード メグル : 2 - 4,Character Episode メグル : 2 - 4,これからを生きる少女,The Girl Who Will Live On,妹と出会って、彼女は変わった。<br><br>とても特別なことのようで、でも、本当はなんでもないのかもしれない。劇的な何かがなくても、人は変わっていく。変わっていくだけのゆとりと時間が、彼女たちにはある。<br><br>ナツノだって、これから変わっていくだろう。<br>未来はまだ決まっていなくて、どんな可能性だってある。,"Meeting her little sister changed her.<br><br>It seemed like something very special, but maybe it really wasn’t. People change even without anything dramatic happening. They have the time and room to change.<br><br>Natsuno will change too, from here on.<br>The future hasn’t been decided yet, and every possibility is still open.",-,-
-,,,,,,,,
baseCamp0-1,キャンプ地,キャンプ地,小さな町の空き地,Vacant Lot in a Small Town,{0}回目のキャンプ地。<br><br>静かな町角の空き地。<br>空っぽになった町は静けさの中にある。真冬の早朝みたいに。それでも、耳を澄ませばときどき誰かの足音がして、息遣いが聞こえる。<br><br>辺りには、アパートや小さな商店、ホテル、学校がある。,"Camp #{0}.<br><br>A vacant lot on a quiet street in a small town.<br>The empty town lies in silence, like the early morning on the coldest day of winter. Even so, if you listen carefully, sometimes you can hear someone’s footsteps, or the sound of breathing.<br><br>There are apartments, small shops, a hotel, and a school nearby.",旅を続ける,Continue the journey
baseCamp1-1,キャンプ地,キャンプ地,都会の駐車場,City Parking Lot,{0}回目のキャンプ地。<br><br>大きな街の駐車場。<br>背の高いビルに囲まれているせいか、ときどき強い風が吹く。都会を吹く風はちょっと怖い。この高い高いビルが倒れてきそうで。そんなことあり得ないって、わかっていても。<br><br>辺りには、商店やオフィスビル、図書館がある。,"Camp #{0}.<br><br>A parking lot in a large city.<br>Perhaps because it is surrounded by tall buildings, strong winds sometimes blow through. The wind in the city is a little frightening. It makes me feel like these towering buildings might come crashing down. Even though I know that can’t happen.<br><br>There are shops, office buildings, and a library nearby.",旅を続ける,Continue the journey
baseCamp2-1,キャンプ地,キャンプ地,森の中のキャンプサイト,Campsite in the Forest,{0}回目のキャンプ地。<br><br>森の浅いところに広がるキャンプ場。<br>空気がおいしい。こんな世界になって、空気も川の水もずいぶんきれいになったかもしれない。それでもやっぱり、森の中は一味違う。<br><br>辺りには、小屋や屋敷、ほかのキャンプ場がある。,"Camp #{0}.<br><br>A campsite spreading through the edge of a forest.<br>The air tastes good. Maybe the air and river water have become much cleaner since the world became like this. Even so, the forest still feels different.<br><br>There are cabins, estates, and other campsites nearby.",旅を続ける,Continue the journey
baseCamp3-1,キャンプ地,キャンプ地,郊外の大きな公園,Large Park on the Outskirts,{0}回目のキャンプ地。<br><br>街の外にある大きな公園。<br>きっと以前はたくさんの家族連れで賑わっていただろう。人が消えてこんなに静かなところもなかなかない。いつかすべて元どおりになる──そう思っていた頃が懐かしい。<br><br>辺りには、ホテルやホームセンター、工場がある。,"Camp #{0}.<br><br>A large park outside the city.<br>It must once have been crowded with families. It’s hard to find many places this quiet after everyone has disappeared. I remember when I used to think that someday everything would return to normal.<br><br>There are hotels, home improvement stores, and factories nearby.",旅を続ける,Continue the journey
baseCamp4-1,キャンプ地,キャンプ地,村の外れの草原,Grassland on the Edge of a Village,{0}回目のキャンプ地。<br><br>小さな村の外れにある開けた草原。<br>ここから見渡せる村にも、きっと生き残った人はいないだろう。いつの間にか期待さえしなくなった。そのことをちょっとだけ悲しいと思う。この悲しさは、どうか、失わないでいたい。<br><br>辺りには、小さな村や屋敷、アパートがある。,"Camp #{0}.<br><br>An open field on the edge of a small village.<br>There probably aren’t any survivors left in the village visible from here. At some point, I stopped even hoping. I’m a little sad about that. I hope I never lose that sadness.<br><br>There are a small village, estates, and apartments nearby.",旅を続ける,Continue the journey
baseCamp5-1,キャンプ地,キャンプ地,山の中腹の駐車場,Parking Lot on the Mountain,{0}回目のキャンプ地。<br><br>山を少し登ったところにある駐車場。<br>もともと何をする人たちが使っていたのだろう。近くに登山口でもあるのだろうか。ときどきこうして、何に使っていたのかわからない場所や道具を見かけるけれど、どうして、と問える相手はいつもいない。<br><br>辺りには、小屋やキャンプ場、遊園地がある。,"Camp #{0}.<br><br>A parking lot partway up a mountain.<br>I wonder who used to come here, and what for. Maybe there’s a hiking trail nearby. Sometimes I come across places or things like this and have no idea what they were used for, but there is never anyone left to ask why.<br><br>There are cabins, campsites, and an amusement park nearby.",旅を続ける,Continue the journey
baseCamp6-1,キャンプ地,キャンプ地,海辺のキャンプサイト,Seaside Campsite,{0}回目のキャンプ地。<br><br>海辺に広がるキャンプサイト。<br>潮風が気持ちいい。広い砂浜と、そこから連なる芝生の広場には障害物の一つもなく、風が真っ直ぐに抜けていく。<br><br>辺りには、砂浜や工場、博物館がある。,"Camp #{0}.<br><br>A campsite stretching along the seaside.<br>The sea breeze feels nice. There isn’t a single obstacle on the wide beach or the grassy field beyond it, so the wind blows straight through.<br><br>There are a beach, a factory, and a museum nearby.",旅を続ける,Continue the journey
baseCamp7-1,キャンプ地,キャンプ地,線路沿いのキャンプサイト,Campsite by the Railroad,{0}回目のキャンプ地。<br><br>線路沿いの空き地。<br>何かを取り壊した跡だろうか。それとも、これから何か建てるつもりだったのだろうか。今はただ、緑に呑まれるがまま。<br><br>辺りには、地下道、飲食店、駅がある。,"Camp #{0}.<br><br>A vacant lot beside the railroad tracks.<br>Was something torn down here? Or was something supposed to be built? For now, it is simply being swallowed up by greenery.<br><br>There are an underpass, restaurants, and a station nearby.",旅を続ける,Continue the journey
-,,,,,,,,
dummy,-,-,-,-,-,-,-,-
-,,,,,,,,
