id,_arg0<jpn>,arg0<eng>,_arg1<jpn>,arg1<eng>
-,,,,
main11-1,scenario03,scenario03,,
main11-1,,,,
main11-1,,,,
main11-1,environment08,environment08,,
main11-1,5,5,,
main11-1,itsuka,itsuka,......ねぇ,<PLEASE_TRANSLATE>
main11-1,itsuka,itsuka,......,......
main11-1,1,1,,
main11-1,survivor06,survivor06,right-right,right-right
main11-1,1,1,,
main11-1,itsuka,itsuka,......そう,<PLEASE_TRANSLATE>
main11-1,itsuka,itsuka,ナツノもアカネも、いないよ,<PLEASE_TRANSLATE>
main11-1,itsuka,itsuka,......ちょっとね,<PLEASE_TRANSLATE>
main11-1,itsuka,itsuka,ナツノのスマホ、借りてきた,<PLEASE_TRANSLATE>
main11-1,itsuka,itsuka,......,......
main11-1,itsuka,itsuka,......別に、何もないよ,<PLEASE_TRANSLATE>
main11-1,itsuka,itsuka,何も、企んだり、してない,<PLEASE_TRANSLATE>
main11-1,itsuka,itsuka,......,......
main11-1,itsuka,itsuka,......ちょっと,<PLEASE_TRANSLATE>
main11-1,itsuka,itsuka,二人のいないところで、話がしたくて,<PLEASE_TRANSLATE>
main11-1,itsuka,itsuka,......,......
main11-1,character06,character06,,
main11-1,2,2,,
main11-1,itsuka,itsuka,......別に,<PLEASE_TRANSLATE>
main11-1,itsuka,itsuka,後悔してる、とか,<PLEASE_TRANSLATE>
main11-1,itsuka,itsuka,今からどうこうしたいとか,<PLEASE_TRANSLATE>
main11-1,itsuka,itsuka,そういうことじゃ......ないんだけど,<PLEASE_TRANSLATE>
main11-1,itsuka,itsuka,......,......
main11-1,survivor06,survivor06,right-right,right-right
main11-1,itsuka,itsuka,......もしかしたら,<PLEASE_TRANSLATE>
main11-1,itsuka,itsuka,ナツノと......,<PLEASE_TRANSLATE>
main11-1,itsuka,itsuka,ナツノやアカネと、出会わない方が,<PLEASE_TRANSLATE>
main11-1,itsuka,itsuka,よかったのかもしれない、とか,<PLEASE_TRANSLATE>
main11-1,itsuka,itsuka,......そんなことを、最近、思うんだ,<PLEASE_TRANSLATE>
main11-1,itsuka,itsuka,ナツノを探してここまで来たのは私だし,<PLEASE_TRANSLATE>
main11-1,itsuka,itsuka,私が自分で選んだことなんだけど,<PLEASE_TRANSLATE>
main11-1,itsuka,itsuka,でも......,<PLEASE_TRANSLATE>
main11-1,itsuka,itsuka,私と出会わなかったら,<PLEASE_TRANSLATE>
main11-1,itsuka,itsuka,ナツノは、何も知らないままで,<PLEASE_TRANSLATE>
main11-1,itsuka,itsuka,そうやって生きてた方が......幸せだったかもしれない,<PLEASE_TRANSLATE>
main11-1,itsuka,itsuka,......,......
main11-1,itsuka,itsuka,この世界のみんなが、何も知らないで、ただ生き続けてることを,<PLEASE_TRANSLATE>
main11-1,itsuka,itsuka,あの人も──あなたの祖母も,<PLEASE_TRANSLATE>
main11-1,itsuka,itsuka,願ってたんじゃないかって,<PLEASE_TRANSLATE>
main11-1,itsuka,itsuka,......そう思うんだ,<PLEASE_TRANSLATE>
main11-1,,,,
main11-1,itsuka,itsuka,......,......
main11-1,1,1,,
main11-1,itsuka,itsuka,......私はさ,<PLEASE_TRANSLATE>
main11-1,scenario03,scenario03,,
main11-1,itsuka,itsuka,今まで、ずっと考えてきたんだ,<PLEASE_TRANSLATE>
main11-1,itsuka,itsuka,あの人の声が聞こえるようになって,<PLEASE_TRANSLATE>
main11-1,itsuka,itsuka,世の中で変なことが起き始めて,<PLEASE_TRANSLATE>
main11-1,itsuka,itsuka,何もかもおかしくなって,<PLEASE_TRANSLATE>
main11-1,itsuka,itsuka,そんな中で、なんとか暮らしながら,<PLEASE_TRANSLATE>
main11-1,itsuka,itsuka,ずっと考えてたんだ,<PLEASE_TRANSLATE>
main11-1,itsuka,itsuka,あなたの祖母のこと,<PLEASE_TRANSLATE>
main11-1,itsuka,itsuka,この世界のこと,<PLEASE_TRANSLATE>
main11-1,itsuka,itsuka,私の住むこの世界が、現実じゃないってこと,<PLEASE_TRANSLATE>
main11-1,itsuka,itsuka,そういうことを......ずっと、ゆっくり考えてきた,<PLEASE_TRANSLATE>
main11-1,itsuka,itsuka,あなたの祖母の声から、いろんなことを聞き取って、想像して,<PLEASE_TRANSLATE>
main11-1,itsuka,itsuka,少しずつ、自分の中でわかることが増えていった,<PLEASE_TRANSLATE>
main11-1,itsuka,itsuka,だから......私は、平気だったんだと思う,<PLEASE_TRANSLATE>
main11-1,itsuka,itsuka,最初、この世界がコンピュータの中にあるかもしれないって気づいたとき,<PLEASE_TRANSLATE>
main11-1,itsuka,itsuka,そりゃ......怖かったよ,<PLEASE_TRANSLATE>
main11-1,itsuka,itsuka,ベッドから出られなくなった,<PLEASE_TRANSLATE>
main11-1,itsuka,itsuka,でも......何日かして起き上がった,<PLEASE_TRANSLATE>
main11-1,itsuka,itsuka,私には、考える時間も、想像する余裕もあったから,<PLEASE_TRANSLATE>
main11-1,itsuka,itsuka,でも......,<PLEASE_TRANSLATE>
main11-1,itsuka,itsuka,ナツノは、今,<PLEASE_TRANSLATE>
main11-1,itsuka,itsuka,いきなり、いろんなことを言われて,<PLEASE_TRANSLATE>
main11-1,itsuka,itsuka,たぶん......,<PLEASE_TRANSLATE>
main11-1,itsuka,itsuka,不安だと、思う,<PLEASE_TRANSLATE>
main11-1,itsuka,itsuka,......,......
main11-1,itsuka,itsuka,けど、そう......,<PLEASE_TRANSLATE>
main11-1,itsuka,itsuka,こんな風に、申し訳ない気持ちでいるけど,<PLEASE_TRANSLATE>
main11-1,itsuka,itsuka,でも、同じくらい......こうするしかなかったって思う,<PLEASE_TRANSLATE>
main11-1,itsuka,itsuka,これでやっと、全部、わかるかもしれないから,<PLEASE_TRANSLATE>
main11-1,itsuka,itsuka,あなたの祖母のことも、この世界のことも......,<PLEASE_TRANSLATE>
main11-1,itsuka,itsuka,どうしても......私は、知りたいんだ,<PLEASE_TRANSLATE>
main11-1,itsuka,itsuka,だから......,<PLEASE_TRANSLATE>
main11-1,itsuka,itsuka,......,......
main11-1,itsuka,itsuka,......こんなこと,<PLEASE_TRANSLATE>
main11-1,itsuka,itsuka,言えた義理じゃないし,<PLEASE_TRANSLATE>
main11-1,itsuka,itsuka,お願いできるような仲でもないけどさ,<PLEASE_TRANSLATE>
main11-1,survivor06,survivor06,right-right,right-right
main11-1,itsuka,itsuka,......あなたが、もし,<PLEASE_TRANSLATE>
main11-1,itsuka,itsuka,その気があるなら,<PLEASE_TRANSLATE>
main11-1,itsuka,itsuka,ナツノを......,<PLEASE_TRANSLATE>
main11-1,itsuka,itsuka,支えてあげてほしい,<PLEASE_TRANSLATE>
main11-1,itsuka,itsuka,きっと......不安だと思うから,<PLEASE_TRANSLATE>
main11-1,itsuka,itsuka,......,......
main11-1,survivor06,survivor06,right-right,right-right
main11-1,itsuka,itsuka,......ほんと,<PLEASE_TRANSLATE>
main11-1,itsuka,itsuka,どの口が言ってるんだって感じだけど、ね......,<PLEASE_TRANSLATE>
main11-1,2,2,,
main11-1,questSuccess,questSuccess,,
-,,,,
main11-2,scenario23,scenario23,,
main11-2,,,,
main11-2,scenario06,scenario06,,
main11-2,5,5,,
main11-2,survivor00,survivor00,right-right,right-right
main11-2,1,1,,
main11-2,natsuno,natsuno,......,......
main11-2,natsuno,natsuno,......なに？,<PLEASE_TRANSLATE>
main11-2,natsuno,natsuno,......,......
main11-2,natsuno,natsuno,......珍しいね,<PLEASE_TRANSLATE>
main11-2,natsuno,natsuno,あなたの方から、話そうって言ってくるの,<PLEASE_TRANSLATE>
main11-2,natsuno,natsuno,......まぁ、でも,<PLEASE_TRANSLATE>
main11-2,natsuno,natsuno,わたしも、ちょっと話したいことあったし,<PLEASE_TRANSLATE>
main11-2,survivor00,survivor00,right-right,right-right
main11-2,natsuno,natsuno,......や,<PLEASE_TRANSLATE>
main11-2,natsuno,natsuno,話したいことっていうか,<PLEASE_TRANSLATE>
main11-2,natsuno,natsuno,具体的に、言いたいこととか、あるわけじゃないんだけど,<PLEASE_TRANSLATE>
main11-2,natsuno,natsuno,......,......
main11-2,survivor00,survivor00,right-right,right-right
main11-2,natsuno,natsuno,......最近、ほんと,<PLEASE_TRANSLATE>
main11-2,natsuno,natsuno,いろいろありすぎて,<PLEASE_TRANSLATE>
main11-2,natsuno,natsuno,ちょっと......疲れたっていうか,<PLEASE_TRANSLATE>
main11-2,natsuno,natsuno,自分でも、どうしていいか、わかんないっていうか,<PLEASE_TRANSLATE>
main11-2,natsuno,natsuno,......,......
main11-2,natsuno,natsuno,......あーあ,<PLEASE_TRANSLATE>
main11-2,natsuno,natsuno,大人が、お酒飲みながらいろんな愚痴言ってるときって,<PLEASE_TRANSLATE>
main11-2,natsuno,natsuno,こんな気持ちなのかな,<PLEASE_TRANSLATE>
main11-2,natsuno,natsuno,......わかりたくなかったなぁ、こんなの,<PLEASE_TRANSLATE>
main11-2,natsuno,natsuno,......,......
main11-2,survivor00,survivor00,right-right,right-right
main11-2,natsuno,natsuno,......この世界が、現実じゃなくて,<PLEASE_TRANSLATE>
main11-2,natsuno,natsuno,誰かがつくった、コンピュータの中の世界だったとか,<PLEASE_TRANSLATE>
main11-2,natsuno,natsuno,パンデミックが、外の、現実の世界と繋がるためだったとか,<PLEASE_TRANSLATE>
main11-2,natsuno,natsuno,あなたのおばあさんが、誰かを探しているのかもしれないとか,<PLEASE_TRANSLATE>
main11-2,natsuno,natsuno,なんか......,<PLEASE_TRANSLATE>
main11-2,natsuno,natsuno,もう、頭がパンクしそう,<PLEASE_TRANSLATE>
main11-2,natsuno,natsuno,......,......
main11-2,survivor00,survivor00,right-right,right-right
main11-2,natsuno,natsuno,......イツカやアカネさんの言ってることが、わからないってことは、ないよ,<PLEASE_TRANSLATE>
main11-2,natsuno,natsuno,ちゃんとわかるように説明してくれるし,<PLEASE_TRANSLATE>
main11-2,natsuno,natsuno,ときどき、よくわかんなくなることもあるけど......,<PLEASE_TRANSLATE>
main11-2,natsuno,natsuno,でも、この世界がコンピュータの中にあって,<PLEASE_TRANSLATE>
main11-2,natsuno,natsuno,あなたは、その外にいる人で,<PLEASE_TRANSLATE>
main11-2,natsuno,natsuno,......そういうのが、全然わかんないってことは......ない,<PLEASE_TRANSLATE>
main11-2,natsuno,natsuno,......,......
main11-2,natsuno,natsuno,............,............
main11-2,,,,
main11-2,survivor00,survivor00,right-right,right-right
main11-2,natsuno,natsuno,......でも,<PLEASE_TRANSLATE>
main11-2,natsuno,natsuno,でもね,<PLEASE_TRANSLATE>
main11-2,natsuno,natsuno,ほんとは......,<PLEASE_TRANSLATE>
main11-2,natsuno,natsuno,なんか......,<PLEASE_TRANSLATE>
main11-2,natsuno,natsuno,......,......
main11-2,survivor00,survivor00,right-right,right-right
main11-2,natsuno,natsuno,変だなって、思うの,<PLEASE_TRANSLATE>
main11-2,natsuno,natsuno,違和感っていうか,<PLEASE_TRANSLATE>
main11-2,natsuno,natsuno,ただ......変な感じがするって、だけ、なんだけど,<PLEASE_TRANSLATE>
main11-2,natsuno,natsuno,......,......
main11-2,natsuno,natsuno,この世界が仮想の世界で,<PLEASE_TRANSLATE>
main11-2,natsuno,natsuno,それをつくったのが、あなたのおばあさんで,<PLEASE_TRANSLATE>
main11-2,natsuno,natsuno,そのおばあさんが、誰かを探していて,<PLEASE_TRANSLATE>
main11-2,natsuno,natsuno,二人を会わせるために、世界が繋がって,<PLEASE_TRANSLATE>
main11-2,natsuno,natsuno,それで、わたしとあなたが出会って、話をしてて......,<PLEASE_TRANSLATE>
main11-2,natsuno,natsuno,......,......
main11-2,natsuno,natsuno,......なんか,<PLEASE_TRANSLATE>
main11-2,natsuno,natsuno,変だって、思わない？,<PLEASE_TRANSLATE>
main11-2,natsuno,natsuno,......,......
main11-2,1,1,,
main11-2,survivor00,survivor00,1.0,1.0
main11-2,1,1,,
main11-2,natsuno,natsuno,......ねぇ,<PLEASE_TRANSLATE>
main11-2,natsuno,natsuno,......,......
main11-2,natsuno,natsuno,だって......,<PLEASE_TRANSLATE>
main11-2,natsuno,natsuno,世の中って,<PLEASE_TRANSLATE>
main11-2,natsuno,natsuno,そんな、何かの『物語』みたいに──,<PLEASE_TRANSLATE>
main11-2,1,1,,
main11-2,natsuno,natsuno,──都合よく、できてるんだっけ......？,<PLEASE_TRANSLATE>
main11-2,5,5,,
main11-2,questSuccess,questSuccess,,
-,,,,
main11-3,computer00,computer00,,
main11-3,5,5,,
main11-3,,,ナツノと話す、そのコンピュータとは別の端末が,<PLEASE_TRANSLATE>
main11-3,,,ちらりと、光で何かを知らせた。,<PLEASE_TRANSLATE>
main11-3,1,1,,
main11-3,,,祖母の「兄」からのメッセージだった。,<PLEASE_TRANSLATE>
main11-3,1,1,,
main11-3,,,,
main11-3,,,,
main11-3,,,,
main11-3,scenario00,scenario00,,
main11-3,1,1,,
main11-3,,,数日前に、連絡先を探し出してメッセージを送っておいた。,<PLEASE_TRANSLATE>
main11-3,,,その返事だった。,<PLEASE_TRANSLATE>
main11-3,,,彼は、祖母の「兄」だった。,<PLEASE_TRANSLATE>
main11-3,,,二度、彼の顔を見たことがあった。,<PLEASE_TRANSLATE>
main11-3,,,一度目は、祖母から紹介してもらったとき。,<PLEASE_TRANSLATE>
main11-3,,,二度目は、祖母の葬儀の場で。,<PLEASE_TRANSLATE>
main11-3,,,生前の祖母は、彼を「兄」だと紹介してくれた。,<PLEASE_TRANSLATE>
main11-3,,,世にも珍しい──血の繋がった、兄だと。,<PLEASE_TRANSLATE>
main11-3,1,1,,
main11-3,,,,
main11-3,,,,
main11-3,,,,
main11-3,1,1,,
main11-3,,,祖母の兄は、だから、祖母のことを幼い頃から知っていた。,<PLEASE_TRANSLATE>
main11-3,,,二人は生まれついての兄妹で、生まれてから祖母が亡くなるまで交流があった。,<PLEASE_TRANSLATE>
main11-3,,,その日の夕食の前に、彼は、映話で話をする時間をつくってくれた。,<PLEASE_TRANSLATE>
main11-3,,,最初、彼は思い出話を聞かせてくれた。,<PLEASE_TRANSLATE>
main11-3,1,1,,
main11-3,,,,
main11-3,,,,
main11-3,,,,
main11-3,1,1,,
main11-3,,,しばらくの間、二人で思い出を語った。,<PLEASE_TRANSLATE>
main11-3,,,今はもうここにいない人を、偲ぶ時間だった。,<PLEASE_TRANSLATE>
main11-3,,,これからどんな話をするにしても、亡き人の話をするには、そういう時間が必要だった。,<PLEASE_TRANSLATE>
main11-3,1,1,,
main11-3,,,,
main11-3,,,,
main11-3,,,,
main11-3,,,,
main11-3,1,1,,
main11-3,,,それから、彼は、ゆっくり話してくれた。,<PLEASE_TRANSLATE>
main11-3,,,六十年前の──若い頃の、祖母のこと。,<PLEASE_TRANSLATE>
main11-3,,,祖母が遺したコンピュータのこと。,<PLEASE_TRANSLATE>
main11-3,1,1,,
main11-3,,,祖母がつくった、世界のこと。,<PLEASE_TRANSLATE>
main11-3,3,3,,
main11-3,questSuccess,questSuccess,,
-,,,,
main11-4,scenario24,scenario24,,
main11-4,5,5,,
main11-4,,,──思えば。,<PLEASE_TRANSLATE>
main11-4,,,気がつけたはずのことだって、たくさんあった。,<PLEASE_TRANSLATE>
main11-4,,,たくさんありすぎて、不思議なくらいだった。,<PLEASE_TRANSLATE>
main11-4,2,2,,
main11-4,,,,
main11-4,,,,
main11-4,,,,
main11-4,1,1,,
main11-4,,,祖母の兄から、話を聞いた。,<PLEASE_TRANSLATE>
main11-4,,,祖母が遺したコンピュータのこと。,<PLEASE_TRANSLATE>
main11-4,,,その中で今も動き続けている世界のこと。,<PLEASE_TRANSLATE>
main11-4,,,彼が話を終えるまで、じっと、黙って聞いていた。,<PLEASE_TRANSLATE>
main11-4,,,すべて聞き終えて、,<PLEASE_TRANSLATE>
main11-4,,,目の前が真っ暗になった。,<PLEASE_TRANSLATE>
main11-4,2,2,,
main11-4,,,,
main11-4,,,,
main11-4,,,,
main11-4,1,1,,
main11-4,,,だから、これは──,<PLEASE_TRANSLATE>
main11-4,,,祖母が、仮想世界をつくったのも。,<PLEASE_TRANSLATE>
main11-4,,,一年前、遺品の中からそれを見つけてきたのも。,<PLEASE_TRANSLATE>
main11-4,,,仮想世界の中で、奇妙なパンデミックが起こったのも。,<PLEASE_TRANSLATE>
main11-4,,,内と外の世界が繋がったのも。,<PLEASE_TRANSLATE>
main11-4,,,あの日──ナツノと出会ったのも。,<PLEASE_TRANSLATE>
main11-4,2,2,,
main11-4,,,何もかも、すべて──,<PLEASE_TRANSLATE>
main11-4,,,ただの、,<PLEASE_TRANSLATE>
main11-4,0.01,0.01,,
main11-4,5,5,,
main11-4,ending,ending,main11,main11
-,,,,
,,,,